complaint_id,oem_id,complaint_date,affected_order_ids,product_type,defect_description,units_affected,root_cause_identified,8D_submitted,resolution,financial_impact_inr,status,repeat_complaint,warranty_claim,remarks
C0001,OEM-SUZUKI,2024-03-27,D-4214,CV Joint,Noise complaint - squeal at low speed braking,38,Incorrect cure temp - night shift,No,,345016,Open,N,N,Closed with customer sign-off
C0002,OEM-HONDA,2023-01-16,"D-6855,D-5023,D-5401,D-4031",Brake Disc,Crack on brake drum casting - 6 bar air test fail,470,Chiller fault - mould temp swing,No,Process parameter locked; re-training done,320018,Closed,N,,Customer requested urgent resolution
C0003,OEM-SUZUKI,2023-09-24,"D-2763,D-2452,D-1715,D-5416",Wheel Hub Assy,Vibration at highway speeds - rotor runout > 0.05 mm,124,Resin expiry date exceeded,Pending,100% inspection implemented,341705,In Progress,Y,Y,Field visit completed
C0004,OEM-BAJAJ,2024-06-21,"D-2655,D-1630",Wheel Hub Assy,Noise complaint - squeal at low speed braking,326,Machine tool wear - spindle runout,Pending,Process parameter locked; re-training done,431662,Escalated,Y,N,Repeat issue - CAPA overdue
C0005,OEM-RENAULT,2021-12-28,"D-4004,D-1582,D-1802,D-1738",Brake Pad Type A,Friction material detached after 3000 km field use,132,Incoming lot moisture > 0.5%,Pending,Process parameter locked; re-training done,120835,Closed,N,N,Repeat issue - CAPA overdue
C0006,OEM-RENAULT,2022-06-22,"D-3795,D-4078,D-2161",Wheel Hub Assy,Crack on brake drum casting - 6 bar air test fail,497,Operator error - wrong die inserted,Pending,Rework and re-inspect,258675,In Progress,N,Y,Field visit completed
C0007,OEM-BAJAJ,2023-08-28,"D-2317,D-1085,D-2894,D-3725",Brake Pad Type A,Noise complaint - squeal at low speed braking,331,Incoming lot moisture > 0.5%,Pending,Root cause under investigation,362875,In Progress,N,N,Repeat issue - CAPA overdue
C0008,OEM-HYUNDAI,2022-09-29,"D-3483,D-4178,D-3041,D-1624",Drum Brake Assy,Friction material detached after 3000 km field use,309,Operator error - wrong die inserted,Pending,Scrap & re-order from alternate supplier,27505,Closed,Y,N,OEM issued debit note
C0009,OEM-TATA,2021-07-31,"D-2925,D-2126",Brake Shoe,Oil contamination on lining surface,100,Incoming lot moisture > 0.5%,No,Process parameter locked; re-training done,66142,Open,Y,Y,Closed with customer sign-off
C0010,OEM-HONDA,2021-04-04,"D-1908,D-1036,D-2737,D-3772",Wheel Hub Assy,Corrosion observed on disc surface - field report,259,Machine tool wear - spindle runout,Pending,100% inspection implemented,481275,Escalated,Y,Y,Repeat issue - CAPA overdue
C0011,OEM-MARUTI,2024-01-18,"D-3233,D-3817,D-5894",Wheel Hub Assy,Oil contamination on lining surface,465,Incoming lot moisture > 0.5%,Pending,Root cause under investigation,364716,Closed,Y,N,Repeat issue - CAPA overdue
C0012,OEM-BAJAJ,2021-05-13,"D-2634,D-4063,D-1955,D-2287",CV Joint,Clutch slip - insufficient torque capacity,242,Batch mix ratio deviation,Pending,Preventive maintenance completed,104750,Closed,Y,Y,Closed with customer sign-off
C0013,OEM-TVS,2021-04-26,"D-1301,D-1378",Drum Brake Assy,Vibration at highway speeds - rotor runout > 0.05 mm,431,,Yes,Process parameter locked; re-training done,72779,Closed,N,Y,Field visit completed
C0014,OEM-RENAULT,2024-07-17,"D-2018,D-3311,D-4484,D-1814",Drum Brake Assy,Oil contamination on lining surface,103,Supplier batch below spec,Yes,Full recall + replacement dispatched,384412,In Progress,Y,N,Repeat issue - CAPA overdue
C0015,OEM-TATA,2021-04-07,D-3634,Clutch Plate,Surface delamination - units rejected at incoming QC,358,Machine tool wear - spindle runout,Yes,Scrap & re-order from alternate supplier,224257,Closed,,Y,Field visit completed
C0016,OEM-FORD,2021-05-10,"D-2452,D-4476,D-3109",Brake Shoe,Noise complaint - squeal at low speed braking,415,,Pending,Process parameter locked; re-training done,470681,Closed,Y,Y,Escalated to GM QA
C0017,OEM-MAHINDRA,2021-03-09,"D-2089,D-1233,D-2730",Brake Pad Type A,Noise complaint - squeal at low speed braking,259,Supplier batch below spec,Yes,Preventive maintenance completed,384464,Escalated,N,N,OEM issued debit note
C0018,OEM-SUZUKI,2022-10-07,"D-4076,D-4399,D-1106,D-1196",Clutch Plate,ABS sensor ring missing teeth - 12 units,302,,Pending,Scrap & re-order from alternate supplier,97582,Closed,N,,Closed with customer sign-off
C0019,OEM-MARUTI,2021-06-02,"D-3109,D-2796,D-4058,D-4096",Wheel Hub Assy,Corrosion observed on disc surface - field report,27,Operator error - wrong die inserted,Pending,Scrap & re-order from alternate supplier,289978,Closed,,N,OEM issued debit note
C0020,OEM-HYUNDAI,2022-07-23,"D-1585,D-3162,D-1171",Brake Pad Type A,Dimensional out-of-spec - ID oversize by 0.12 mm,463,Coolant contamination in grinding,Pending,Scrap & re-order from alternate supplier,382352,Escalated,,N,Closed with customer sign-off
C0021,OEM-BAJAJ,2024-09-02,"D-5401,D-9401,D-3778,D-1357",Brake Pad Type B,Friction material detached after 3000 km field use,291,Incorrect cure temp - night shift,Pending,,419161,Closed,N,Y,Field visit completed
C0022,OEM-MARUTI,2022-04-10,"D-3413,D-1901",Clutch Plate,Corrosion observed on disc surface - field report,228,Supplier batch below spec,Yes,Full recall + replacement dispatched,62444,Closed,Y,N,Escalated to GM QA
C0023,OEM-MAHINDRA,2023-02-10,"D-3431,D-6222,D-4968,D-2860",Wheel Hub Assy,Crack on brake drum casting - 6 bar air test fail,306,Incorrect cure temp - night shift,Pending,Process parameter locked; re-training done,468312,Open,Y,Y,
C0024,OEM-FORD,2023-11-14,D-3712,Wheel Hub Assy,Crack on brake drum casting - 6 bar air test fail,367,Machine tool wear - spindle runout,Pending,Scrap & re-order from alternate supplier,154364,Closed,,Y,Field visit completed
C0025,OEM-MAHINDRA,2021-06-22,D-2330,Brake Pad Type A,Friction material detached after 3000 km field use,163,Resin expiry date exceeded,Yes,Preventive maintenance completed,179949,Open,N,Y,Escalated to GM QA
C0026,OEM-MAHINDRA,2024-05-18,D-1677,Wheel Hub Assy,Surface delamination - units rejected at incoming QC,14,Incorrect cure temp - night shift,Yes,,308940,Closed,N,Y,Field visit completed
C0027,OEM-BAJAJ,2022-12-05,"D-3993,D-3277",CV Joint,Surface delamination - units rejected at incoming QC,491,Resin expiry date exceeded,Pending,Full recall + replacement dispatched,278263,In Progress,Y,Y,Repeat issue - CAPA overdue
C0028,OEM-BAJAJ,2024-09-29,D-2783,Clutch Plate,Corrosion observed on disc surface - field report,123,Batch mix ratio deviation,Yes,100% inspection implemented,19205,Closed,Y,N,Closed with customer sign-off
C0029,OEM-HONDA,2022-07-12,D-4336,Brake Pad Type A,Dimensional out-of-spec - ID oversize by 0.12 mm,115,Under investigation,Pending,Full recall + replacement dispatched,49677,In Progress,Y,N,Field visit completed
C0030,OEM-TVS,2021-04-04,"D-2893,D-2637,D-3460,D-2910",CV Joint,Dimensional out-of-spec - ID oversize by 0.12 mm,347,Coolant contamination in grinding,No,Root cause under investigation,394232,In Progress,N,Y,OEM issued debit note
C0031,OEM-FORD,2021-08-10,"D-2974,D-1289,D-4016,D-4065",Brake Disc,Vibration at highway speeds - rotor runout > 0.05 mm,470,Machine tool wear - spindle runout,No,Preventive maintenance completed,147528,Closed,N,N,Field visit completed
C0032,OEM-SUZUKI,2023-11-29,"D-3431,D-1294,D-4111",Brake Shoe,Friction material detached after 3000 km field use,196,Batch mix ratio deviation,,Root cause under investigation,110879,Open,Y,N,Escalated to GM QA
C0033,OEM-RENAULT,2021-09-05,"D-3944,D-3106,D-1357,D-3620",CV Joint,Vibration at highway speeds - rotor runout > 0.05 mm,164,Resin expiry date exceeded,No,,370524,In Progress,N,N,Escalated to GM QA
C0034,OEM-HONDA,2021-04-17,"D-1628,D-3324",Brake Pad Type A,Noise complaint - squeal at low speed braking,133,Resin expiry date exceeded,Yes,Rework and re-inspect,256647,Closed,,N,Closed with customer sign-off
C0035,OEM-MARUTI,2023-06-22,"D-2532,D-2004,D-3286",Wheel Hub Assy,Friction material detached after 3000 km field use,455,Incorrect cure temp - night shift,Yes,Root cause under investigation,350091,Closed,Y,Y,OEM issued debit note
C0036,OEM-HONDA,2023-08-01,D-2764,CV Joint,Surface delamination - units rejected at incoming QC,165,Batch mix ratio deviation,Pending,100% inspection implemented,179405,Escalated,N,N,Customer requested urgent resolution
C0037,OEM-HONDA,2021-10-12,"D-3614,D-2943",Brake Pad Type B,Vibration at highway speeds - rotor runout > 0.05 mm,243,Chiller fault - mould temp swing,,,362076,In Progress,Y,Y,Customer requested urgent resolution
C0038,OEM-BAJAJ,2024-06-05,"D-4441,D-4452,D-4446",Brake Pad Type B,Surface delamination - units rejected at incoming QC,20,Chiller fault - mould temp swing,Pending,Rework and re-inspect,374661,In Progress,Y,Y,Customer requested urgent resolution
C0039,OEM-RENAULT,2024-12-17,"D-2160,D-1094,D-4174",CV Joint,Crack on brake drum casting - 6 bar air test fail,152,Incoming lot moisture > 0.5%,No,Preventive maintenance completed,382211,Closed,Y,N,Escalated to GM QA
C0040,OEM-HONDA,2023-05-15,D-3341,Drum Brake Assy,Vibration at highway speeds - rotor runout > 0.05 mm,369,Coolant contamination in grinding,No,Scrap & re-order from alternate supplier,294898,Closed,,N,Customer requested urgent resolution
C0041,OEM-FORD,2023-07-04,"D-2498,D-3367",Wheel Hub Assy,Crack on brake drum casting - 6 bar air test fail,485,,Yes,,62761,Closed,N,N,Field visit completed
C0042,OEM-MARUTI,2024-01-10,"D-1088,D-1203,D-6397",Brake Disc,Vibration at highway speeds - rotor runout > 0.05 mm,231,Batch mix ratio deviation,No,,124385,Closed,N,Y,Escalated to GM QA
C0043,OEM-HYUNDAI,2022-04-30,"D-4297,D-5460,D-1427,D-2684",Brake Disc,Friction material detached after 3000 km field use,452,Under investigation,No,Corrective action plan submitted,128286,In Progress,N,Y,Escalated to GM QA
C0044,OEM-HONDA,2023-09-10,"D-4000,D-1337,D-1359",Brake Pad Type B,Clutch slip - insufficient torque capacity,367,Coolant contamination in grinding,,Rework and re-inspect,48296,Closed,N,N,Escalated to GM QA
C0045,OEM-MARUTI,2022-01-02,"D-1490,D-4108",ABS Sensor Ring,Surface delamination - units rejected at incoming QC,156,Batch mix ratio deviation,Yes,Preventive maintenance completed,383070,Closed,N,N,OEM issued debit note
C0046,OEM-FORD,2022-09-07,"D-1278,D-1784",Disc Brake Caliper,Dimensional out-of-spec - ID oversize by 0.12 mm,83,Batch mix ratio deviation,No,Root cause under investigation,435241,Escalated,Y,N,Field visit completed
C0047,OEM-RENAULT,2022-06-29,"D-2022,D-4408,D-4275,D-1195",Brake Pad Type A,ABS sensor ring missing teeth - 12 units,299,Calibration lapse - gauge not zeroed,No,100% inspection implemented,461267,Closed,Y,N,Repeat issue - CAPA overdue
C0048,OEM-TVS,2023-03-12,"D-4177,D-3585,D-8162",Wheel Hub Assy,Dimensional out-of-spec - ID oversize by 0.12 mm,450,Coolant contamination in grinding,No,100% inspection implemented,478364,Closed,N,N,Escalated to GM QA
C0049,OEM-BAJAJ,2021-04-26,"D-4453,D-1370",Brake Pad Type A,Clutch slip - insufficient torque capacity,117,Batch mix ratio deviation,Yes,100% inspection implemented,381460,Closed,,,Escalated to GM QA
C0050,OEM-BAJAJ,2021-06-03,"D-7115,D-3078,D-2656,D-1902",Disc Brake Caliper,Surface delamination - units rejected at incoming QC,338,Supplier batch below spec,Pending,Corrective action plan submitted,444012,Escalated,Y,N,Customer requested urgent resolution
C0051,OEM-MARUTI,2023-03-17,"D-1804,D-3140",Drum Brake Assy,Friction material detached after 3000 km field use,379,Chiller fault - mould temp swing,Pending,Full recall + replacement dispatched,242828,Closed,Y,Y,Customer requested urgent resolution
C0052,OEM-MARUTI,2021-07-24,D-3894,Brake Pad Type B,Crack on brake drum casting - 6 bar air test fail,409,Chiller fault - mould temp swing,Yes,Preventive maintenance completed,105393,Closed,N,Y,Escalated to GM QA
C0053,OEM-FORD,2021-03-28,"D-3251,D-2266",CV Joint,Friction material detached after 3000 km field use,220,Incoming lot moisture > 0.5%,,,172104,Closed,Y,Y,Repeat issue - CAPA overdue
C0054,OEM-HONDA,2021-01-17,"D-1973,D-6076,D-2291,D-2094",CV Joint,Vibration at highway speeds - rotor runout > 0.05 mm,403,Batch mix ratio deviation,Pending,Process parameter locked; re-training done,350144,Closed,N,Y,Escalated to GM QA
C0055,OEM-RENAULT,2022-01-23,"D-3268,D-2443,D-1337,D-2732",Disc Brake Caliper,Clutch slip - insufficient torque capacity,2,Calibration lapse - gauge not zeroed,No,Root cause under investigation,341541,Closed,N,N,OEM issued debit note
C0056,OEM-FORD,2021-10-23,"D-3422,D-1678",Clutch Plate,Corrosion observed on disc surface - field report,418,Operator error - wrong die inserted,Yes,Root cause under investigation,346686,Closed,N,Y,OEM issued debit note
C0057,OEM-TVS,2023-07-23,"D-1867,D-1474",Brake Shoe,Noise complaint - squeal at low speed braking,315,Supplier batch below spec,Yes,Corrective action plan submitted,282313,In Progress,,Y,OEM issued debit note
C0058,OEM-TVS,2024-09-24,"D-5812,D-3109,D-2291",ABS Sensor Ring,ABS sensor ring missing teeth - 12 units,159,Chiller fault - mould temp swing,No,Full recall + replacement dispatched,195416,Closed,N,,Field visit completed
C0059,OEM-FORD,2022-01-19,"D-4018,D-3443,D-1317,D-8268",CV Joint,Friction material detached after 3000 km field use,434,Under investigation,Pending,Corrective action plan submitted,117528,Closed,N,N,Escalated to GM QA
C0060,OEM-HONDA,2023-01-24,"D-4399,D-2863",Brake Pad Type A,Vibration at highway speeds - rotor runout > 0.05 mm,170,Batch mix ratio deviation,No,Full recall + replacement dispatched,118509,Closed,Y,N,Closed with customer sign-off
C0061,OEM-TATA,2023-10-30,D-3942,Brake Pad Type A,Dimensional out-of-spec - ID oversize by 0.12 mm,127,Operator error - wrong die inserted,No,Rework and re-inspect,242603,Escalated,N,N,Escalated to GM QA
C0062,OEM-MAHINDRA,2024-07-24,D-5909,Wheel Hub Assy,Corrosion observed on disc surface - field report,137,Incorrect cure temp - night shift,No,Full recall + replacement dispatched,418980,In Progress,Y,N,Closed with customer sign-off
C0063,OEM-HYUNDAI,2022-04-22,"D-3613,D-1236,D-3815",Brake Shoe,Clutch slip - insufficient torque capacity,275,Coolant contamination in grinding,No,Scrap & re-order from alternate supplier,332648,In Progress,Y,,
C0064,OEM-FORD,2021-05-04,"D-2073,D-2151,D-1504,D-2915",Brake Disc,Surface delamination - units rejected at incoming QC,17,Incoming lot moisture > 0.5%,Yes,,343973,Closed,N,,Customer requested urgent resolution
C0065,OEM-BAJAJ,2024-10-29,"D-4589,D-2739",Brake Pad Type B,Crack on brake drum casting - 6 bar air test fail,404,Machine tool wear - spindle runout,No,Preventive maintenance completed,279012,Closed,Y,N,Repeat issue - CAPA overdue
C0066,OEM-MARUTI,2022-02-04,D-1510,Clutch Plate,Crack on brake drum casting - 6 bar air test fail,375,Calibration lapse - gauge not zeroed,Yes,Corrective action plan submitted,291518,In Progress,Y,N,Closed with customer sign-off
C0067,OEM-MAHINDRA,2021-04-16,D-3527,Clutch Plate,Clutch slip - insufficient torque capacity,135,Incoming lot moisture > 0.5%,Pending,100% inspection implemented,290474,In Progress,Y,N,Repeat issue - CAPA overdue
C0068,OEM-TATA,2024-05-19,"D-1940,D-1419,D-6263,D-6824",CV Joint,Oil contamination on lining surface,37,Coolant contamination in grinding,Pending,Preventive maintenance completed,5831,Closed,N,Y,Closed with customer sign-off
C0069,OEM-SUZUKI,2021-08-13,"D-3219,D-1645",Brake Pad Type A,Surface delamination - units rejected at incoming QC,371,Incorrect cure temp - night shift,Yes,Root cause under investigation,46886,Closed,N,N,Closed with customer sign-off
C0070,OEM-HONDA,2022-03-10,"D-3241,D-2969",Disc Brake Caliper,ABS sensor ring missing teeth - 12 units,68,Chiller fault - mould temp swing,,Full recall + replacement dispatched,81948,Open,,Y,Customer requested urgent resolution
C0071,OEM-TATA,2023-04-12,"D-1804,D-2863,D-3613",Clutch Plate,Friction material detached after 3000 km field use,124,Resin expiry date exceeded,No,Corrective action plan submitted,492160,Closed,Y,Y,Closed with customer sign-off
C0072,OEM-RENAULT,2023-11-12,"D-1322,D-3470,D-3584",Drum Brake Assy,Crack on brake drum casting - 6 bar air test fail,226,Resin expiry date exceeded,Pending,100% inspection implemented,34772,Closed,N,,Repeat issue - CAPA overdue
C0073,OEM-MAHINDRA,2022-03-13,"D-5571,D-4023,D-3472,D-1175",Clutch Plate,Corrosion observed on disc surface - field report,285,Incoming lot moisture > 0.5%,Pending,Root cause under investigation,320500,Closed,N,N,Closed with customer sign-off
C0074,OEM-RENAULT,2024-11-04,"D-3118,D-1416",ABS Sensor Ring,Vibration at highway speeds - rotor runout > 0.05 mm,398,Batch mix ratio deviation,Yes,Scrap & re-order from alternate supplier,392403,Closed,,Y,Escalated to GM QA
C0075,OEM-RENAULT,2023-09-27,D-4446,Brake Shoe,Dimensional out-of-spec - ID oversize by 0.12 mm,20,Resin expiry date exceeded,No,Scrap & re-order from alternate supplier,345401,In Progress,N,,Closed with customer sign-off
C0076,OEM-SUZUKI,2023-06-14,"D-1221,D-2011,D-1233",Drum Brake Assy,Clutch slip - insufficient torque capacity,455,Supplier batch below spec,No,,143097,Closed,,Y,Customer requested urgent resolution
C0077,OEM-RENAULT,2021-12-23,D-3190,Wheel Hub Assy,ABS sensor ring missing teeth - 12 units,370,Machine tool wear - spindle runout,,Scrap & re-order from alternate supplier,80877,In Progress,Y,N,Escalated to GM QA
C0078,OEM-HYUNDAI,2023-10-22,"D-4441,D-3565,D-3711",ABS Sensor Ring,Dimensional out-of-spec - ID oversize by 0.12 mm,131,Incoming lot moisture > 0.5%,No,Process parameter locked; re-training done,441698,Closed,Y,Y,Escalated to GM QA
C0079,OEM-FORD,2023-12-07,"D-3011,D-2872,D-1474,D-1306",ABS Sensor Ring,Noise complaint - squeal at low speed braking,97,,No,Process parameter locked; re-training done,444445,Open,Y,Y,Field visit completed
C0080,OEM-MAHINDRA,2024-12-14,"D-1941,D-2022,D-2999",Disc Brake Caliper,Noise complaint - squeal at low speed braking,183,Batch mix ratio deviation,Yes,Process parameter locked; re-training done,177832,Closed,N,N,OEM issued debit note
C0081,OEM-HYUNDAI,2024-07-08,"D-2810,D-2413,D-3910,D-2768",Drum Brake Assy,ABS sensor ring missing teeth - 12 units,377,Calibration lapse - gauge not zeroed,Pending,Corrective action plan submitted,363507,Open,Y,Y,Repeat issue - CAPA overdue
C0082,OEM-TATA,2023-11-24,"D-2358,D-1332,D-4239",Brake Pad Type B,Friction material detached after 3000 km field use,97,Batch mix ratio deviation,Yes,Preventive maintenance completed,86002,Closed,Y,N,Repeat issue - CAPA overdue
C0083,OEM-TVS,2021-01-23,"D-1622,D-3959,D-3663,D-2859",ABS Sensor Ring,Corrosion observed on disc surface - field report,310,Operator error - wrong die inserted,Pending,Process parameter locked; re-training done,92060,Escalated,,N,Escalated to GM QA
C0084,OEM-HONDA,2023-10-28,"D-1335,D-4436,D-1253,D-1026",Brake Disc,Clutch slip - insufficient torque capacity,392,Supplier batch below spec,Yes,Root cause under investigation,74558,In Progress,Y,Y,Closed with customer sign-off
C0085,OEM-TATA,2024-10-20,D-2599,Disc Brake Caliper,Corrosion observed on disc surface - field report,320,Supplier batch below spec,Yes,100% inspection implemented,249967,In Progress,Y,,Field visit completed
C0086,OEM-MARUTI,2022-07-01,"D-2080,D-4497,D-2952,D-1162",ABS Sensor Ring,Dimensional out-of-spec - ID oversize by 0.12 mm,452,Incoming lot moisture > 0.5%,No,Preventive maintenance completed,478727,Closed,N,N,Customer requested urgent resolution
C0087,OEM-SUZUKI,2021-03-03,"D-2893,D-1351,D-4612",Brake Pad Type B,Dimensional out-of-spec - ID oversize by 0.12 mm,372,Supplier batch below spec,No,Scrap & re-order from alternate supplier,413198,Escalated,Y,,Field visit completed
C0088,OEM-TVS,2021-12-14,"D-4035,D-3665,D-5251",ABS Sensor Ring,ABS sensor ring missing teeth - 12 units,169,Resin expiry date exceeded,No,Full recall + replacement dispatched,329131,In Progress,N,Y,Closed with customer sign-off
C0089,OEM-TATA,2022-12-12,"D-4434,D-1502",Drum Brake Assy,Noise complaint - squeal at low speed braking,281,,No,Corrective action plan submitted,182935,Open,Y,N,Repeat issue - CAPA overdue
C0090,OEM-SUZUKI,2024-08-22,"D-5378,D-4497,D-3104",ABS Sensor Ring,ABS sensor ring missing teeth - 12 units,286,Supplier batch below spec,Yes,Scrap & re-order from alternate supplier,386724,Closed,N,Y,Escalated to GM QA
C0091,OEM-SUZUKI,2024-04-13,"D-4260,D-3837,D-2304,D-3707",Brake Pad Type B,Vibration at highway speeds - rotor runout > 0.05 mm,167,Chiller fault - mould temp swing,Yes,100% inspection implemented,429797,Closed,Y,Y,Escalated to GM QA
C0092,OEM-HONDA,2023-11-10,"D-3237,D-4288,D-3382",Drum Brake Assy,Clutch slip - insufficient torque capacity,474,Incoming lot moisture > 0.5%,Yes,Rework and re-inspect,34553,Open,Y,Y,Field visit completed
C0093,OEM-FORD,2022-01-26,"D-3319,D-5558,D-3731,D-4347",Clutch Plate,Oil contamination on lining surface,444,Coolant contamination in grinding,Pending,100% inspection implemented,88622,Closed,Y,N,OEM issued debit note
C0094,OEM-BAJAJ,2024-07-30,"D-3254,D-2401",Clutch Plate,ABS sensor ring missing teeth - 12 units,106,Incoming lot moisture > 0.5%,Pending,Rework and re-inspect,439852,Escalated,N,N,
C0095,OEM-HYUNDAI,2021-03-08,"D-1605,D-4351,D-3454",Clutch Plate,Crack on brake drum casting - 6 bar air test fail,264,Incoming lot moisture > 0.5%,Pending,100% inspection implemented,161863,Open,N,Y,OEM issued debit note
C0096,OEM-HONDA,2022-09-07,"D-4128,D-3260,D-3042,D-2535",Brake Shoe,Friction material detached after 3000 km field use,162,Incorrect cure temp - night shift,Yes,Corrective action plan submitted,386627,Closed,N,N,Repeat issue - CAPA overdue
C0097,OEM-MARUTI,2022-07-04,"D-3667,D-2784,D-2991,D-3795",ABS Sensor Ring,Corrosion observed on disc surface - field report,30,Batch mix ratio deviation,No,Full recall + replacement dispatched,461616,Open,N,N,Escalated to GM QA
C0098,OEM-RENAULT,2022-08-30,"D-1783,D-5513,D-3661,D-3255",Clutch Plate,Oil contamination on lining surface,273,Supplier batch below spec,Pending,Scrap & re-order from alternate supplier,155460,Closed,N,N,Closed with customer sign-off
C0099,OEM-TATA,2023-03-26,"D-3998,D-3374,D-3957,D-2219",CV Joint,Clutch slip - insufficient torque capacity,1,Operator error - wrong die inserted,Yes,Preventive maintenance completed,120800,Closed,Y,Y,Repeat issue - CAPA overdue
C0100,OEM-SUZUKI,2022-05-07,"D-1579,D-5329",CV Joint,Corrosion observed on disc surface - field report,76,Chiller fault - mould temp swing,Yes,Corrective action plan submitted,227875,Closed,N,Y,Repeat issue - CAPA overdue
C0101,OEM-RENAULT,2023-04-25,"D-2316,D-4438,D-4117",Clutch Plate,Noise complaint - squeal at low speed braking,381,Supplier batch below spec,,Root cause under investigation,50190,Closed,N,Y,Escalated to GM QA
C0102,OEM-FORD,2024-09-27,"D-1399,D-4496,D-3134,D-2951",CV Joint,Surface delamination - units rejected at incoming QC,10,Batch mix ratio deviation,No,100% inspection implemented,400149,In Progress,Y,N,Field visit completed
C0103,OEM-HONDA,2022-05-04,"D-4465,D-1548,D-1818",Disc Brake Caliper,Clutch slip - insufficient torque capacity,435,Calibration lapse - gauge not zeroed,No,Corrective action plan submitted,454488,In Progress,N,N,Field visit completed
C0104,OEM-MARUTI,2023-12-26,"D-3864,D-4370",Clutch Plate,Clutch slip - insufficient torque capacity,309,Chiller fault - mould temp swing,Pending,Full recall + replacement dispatched,196201,Closed,N,Y,Closed with customer sign-off
C0105,OEM-MARUTI,2024-02-06,"D-2412,D-3753,D-3287,D-1319",Brake Shoe,ABS sensor ring missing teeth - 12 units,178,Incoming lot moisture > 0.5%,No,Preventive maintenance completed,92338,Closed,Y,,Field visit completed
C0106,OEM-TATA,2021-07-31,"D-3706,D-4366",Clutch Plate,Surface delamination - units rejected at incoming QC,155,Coolant contamination in grinding,No,Full recall + replacement dispatched,225104,Escalated,Y,N,Closed with customer sign-off
C0107,OEM-HYUNDAI,2022-06-18,"D-1616,D-2628",Brake Shoe,Friction material detached after 3000 km field use,61,Chiller fault - mould temp swing,Yes,Corrective action plan submitted,432900,Closed,Y,Y,Closed with customer sign-off
C0108,OEM-BAJAJ,2024-07-03,"D-1631,D-3879",Clutch Plate,Dimensional out-of-spec - ID oversize by 0.12 mm,191,Operator error - wrong die inserted,No,,137885,Escalated,N,,Field visit completed
C0109,OEM-HYUNDAI,2023-06-27,"D-3145,D-5047",CV Joint,Oil contamination on lining surface,81,Resin expiry date exceeded,Pending,Process parameter locked; re-training done,183229,Closed,N,N,Field visit completed
C0110,OEM-SUZUKI,2022-12-17,"D-5359,D-2195,D-1237,D-2227",Brake Disc,Friction material detached after 3000 km field use,296,Calibration lapse - gauge not zeroed,No,100% inspection implemented,482331,Open,Y,N,Field visit completed
C0111,OEM-TVS,2024-01-16,"D-1907,D-3459,D-1365,D-3962",Brake Pad Type B,Dimensional out-of-spec - ID oversize by 0.12 mm,37,Under investigation,Yes,,268777,Open,Y,N,Escalated to GM QA
C0112,OEM-SUZUKI,2022-05-07,"D-1310,D-3760,D-3918,D-2500",ABS Sensor Ring,Corrosion observed on disc surface - field report,286,Coolant contamination in grinding,Yes,Rework and re-inspect,95034,Open,Y,N,Escalated to GM QA
C0113,OEM-HONDA,2023-03-25,"D-3298,D-3334,D-3607,D-2955",Brake Disc,ABS sensor ring missing teeth - 12 units,39,Coolant contamination in grinding,Yes,Root cause under investigation,294255,Escalated,Y,N,OEM issued debit note
C0114,OEM-HONDA,2024-02-15,"D-3162,D-2637,D-2275",Brake Disc,Noise complaint - squeal at low speed braking,457,Chiller fault - mould temp swing,Yes,Process parameter locked; re-training done,263509,Closed,N,N,OEM issued debit note
C0115,OEM-BAJAJ,2023-01-22,"D-2515,D-3601,D-2302",Drum Brake Assy,Clutch slip - insufficient torque capacity,150,,Pending,,31717,Closed,,N,Escalated to GM QA
C0116,OEM-SUZUKI,2022-05-02,D-3244,ABS Sensor Ring,Friction material detached after 3000 km field use,334,Under investigation,Pending,,452674,Closed,N,N,Repeat issue - CAPA overdue
C0117,OEM-HYUNDAI,2021-10-15,"D-3464,D-3204,D-1074,D-3436",Disc Brake Caliper,Surface delamination - units rejected at incoming QC,306,Machine tool wear - spindle runout,Pending,Corrective action plan submitted,100878,Escalated,,Y,Escalated to GM QA
C0118,OEM-MAHINDRA,2021-09-20,"D-2356,D-4340,D-4451,D-1298",Disc Brake Caliper,Noise complaint - squeal at low speed braking,265,Calibration lapse - gauge not zeroed,Pending,Full recall + replacement dispatched,329593,Closed,N,Y,Escalated to GM QA
C0119,OEM-MARUTI,2023-02-02,D-1869,ABS Sensor Ring,Noise complaint - squeal at low speed braking,161,Incoming lot moisture > 0.5%,Pending,Process parameter locked; re-training done,6280,In Progress,Y,Y,Customer requested urgent resolution
C0120,OEM-MARUTI,2022-11-10,"D-3781,D-1569,D-4440,D-1670",Drum Brake Assy,ABS sensor ring missing teeth - 12 units,23,Under investigation,Pending,,413954,Closed,Y,,
C0121,OEM-RENAULT,2021-12-20,D-3233,Brake Disc,Friction material detached after 3000 km field use,129,Batch mix ratio deviation,No,Root cause under investigation,316099,In Progress,N,N,Closed with customer sign-off
C0122,OEM-BAJAJ,2023-09-20,"D-4136,D-1398,D-4060",Brake Shoe,Corrosion observed on disc surface - field report,7,Supplier batch below spec,Yes,Process parameter locked; re-training done,203901,Closed,N,N,Customer requested urgent resolution
C0123,OEM-SUZUKI,2022-07-08,"D-2068,D-3202,D-1166,D-3959",Brake Pad Type A,Noise complaint - squeal at low speed braking,163,Machine tool wear - spindle runout,Yes,Full recall + replacement dispatched,89606,Open,N,Y,OEM issued debit note
C0124,OEM-HONDA,2024-12-28,D-2810,ABS Sensor Ring,Surface delamination - units rejected at incoming QC,363,Under investigation,Pending,Full recall + replacement dispatched,248306,In Progress,Y,Y,Field visit completed
C0125,OEM-MARUTI,2021-09-05,"D-2759,D-2952,D-1562",Drum Brake Assy,Crack on brake drum casting - 6 bar air test fail,214,Incorrect cure temp - night shift,Yes,Corrective action plan submitted,289544,Closed,Y,N,Escalated to GM QA
C0126,OEM-HONDA,2021-02-03,"D-3182,D-1309,D-5387",Wheel Hub Assy,Crack on brake drum casting - 6 bar air test fail,143,Incorrect cure temp - night shift,No,Scrap & re-order from alternate supplier,401047,Closed,N,N,Field visit completed
C0127,OEM-TVS,2024-04-24,"D-3454,D-3509",ABS Sensor Ring,Dimensional out-of-spec - ID oversize by 0.12 mm,395,Operator error - wrong die inserted,No,Process parameter locked; re-training done,241200,In Progress,N,Y,Field visit completed
C0128,OEM-MAHINDRA,2023-09-19,D-5890,Disc Brake Caliper,Crack on brake drum casting - 6 bar air test fail,132,Incoming lot moisture > 0.5%,Yes,100% inspection implemented,75980,Closed,N,N,Closed with customer sign-off
C0129,OEM-HONDA,2024-05-02,"D-4466,D-2594,D-2549",ABS Sensor Ring,Vibration at highway speeds - rotor runout > 0.05 mm,264,,Pending,100% inspection implemented,61065,Closed,N,Y,OEM issued debit note
C0130,OEM-HONDA,2023-08-08,"D-5459,D-1026",CV Joint,ABS sensor ring missing teeth - 12 units,96,Coolant contamination in grinding,,Corrective action plan submitted,453403,Escalated,Y,Y,Field visit completed
C0131,OEM-RENAULT,2021-11-11,"D-1076,D-3791,D-4282",Brake Pad Type B,Noise complaint - squeal at low speed braking,186,Under investigation,,Corrective action plan submitted,494315,Closed,Y,Y,Repeat issue - CAPA overdue
C0132,OEM-TATA,2023-08-05,"D-2768,D-1910",Drum Brake Assy,Noise complaint - squeal at low speed braking,202,Chiller fault - mould temp swing,Pending,Corrective action plan submitted,77470,In Progress,Y,Y,Customer requested urgent resolution
C0133,OEM-FORD,2022-07-08,"D-3848,D-2016,D-3703,D-2759",Brake Shoe,Surface delamination - units rejected at incoming QC,146,Incorrect cure temp - night shift,Yes,Preventive maintenance completed,129579,Closed,N,Y,Repeat issue - CAPA overdue
C0134,OEM-BAJAJ,2021-11-28,"D-4154,D-4018",Brake Disc,Clutch slip - insufficient torque capacity,302,Calibration lapse - gauge not zeroed,No,Corrective action plan submitted,322007,In Progress,Y,N,OEM issued debit note
C0135,OEM-FORD,2021-11-02,"D-1804,D-3680,D-1976",Clutch Plate,Noise complaint - squeal at low speed braking,75,Calibration lapse - gauge not zeroed,Pending,Scrap & re-order from alternate supplier,190899,Escalated,N,Y,Field visit completed
C0136,OEM-BAJAJ,2023-01-06,D-4038,CV Joint,Friction material detached after 3000 km field use,407,Calibration lapse - gauge not zeroed,Yes,Scrap & re-order from alternate supplier,237722,Closed,N,,Field visit completed
C0137,OEM-RENAULT,2021-03-23,D-3349,Brake Shoe,Dimensional out-of-spec - ID oversize by 0.12 mm,197,Chiller fault - mould temp swing,No,Rework and re-inspect,484322,Open,Y,Y,Customer requested urgent resolution
C0138,OEM-BAJAJ,2021-02-26,"D-2981,D-2520,D-3400",Brake Shoe,Clutch slip - insufficient torque capacity,263,Incoming lot moisture > 0.5%,Yes,Root cause under investigation,275119,In Progress,N,N,Closed with customer sign-off
C0139,OEM-MAHINDRA,2023-10-16,"D-3539,D-7478,D-2191,D-3273",Disc Brake Caliper,Vibration at highway speeds - rotor runout > 0.05 mm,319,Under investigation,Yes,100% inspection implemented,468908,Closed,Y,N,OEM issued debit note
C0140,OEM-RENAULT,2022-10-30,"D-2542,D-5673,D-4437,D-2656",Brake Shoe,Clutch slip - insufficient torque capacity,274,Machine tool wear - spindle runout,Pending,Root cause under investigation,271086,Closed,N,Y,Customer requested urgent resolution
C0141,OEM-TVS,2024-03-23,"D-3809,D-4409,D-5020",Wheel Hub Assy,Oil contamination on lining surface,263,Batch mix ratio deviation,No,Root cause under investigation,62977,Closed,N,N,Closed with customer sign-off
C0142,OEM-HONDA,2022-12-15,D-2484,ABS Sensor Ring,Oil contamination on lining surface,138,Machine tool wear - spindle runout,Pending,Full recall + replacement dispatched,300599,In Progress,N,Y,Escalated to GM QA
C0143,OEM-HYUNDAI,2022-06-11,D-2237,Brake Shoe,ABS sensor ring missing teeth - 12 units,227,Operator error - wrong die inserted,Pending,Rework and re-inspect,493299,Closed,N,Y,Escalated to GM QA
C0144,OEM-HONDA,2024-02-28,"D-2280,D-1873,D-1817,D-3863",Brake Pad Type B,Surface delamination - units rejected at incoming QC,266,Incoming lot moisture > 0.5%,Yes,Root cause under investigation,260751,Closed,,Y,Repeat issue - CAPA overdue
C0145,OEM-TVS,2022-11-04,"D-2302,D-1674",Disc Brake Caliper,Oil contamination on lining surface,118,Coolant contamination in grinding,Pending,Root cause under investigation,359059,Escalated,N,N,Repeat issue - CAPA overdue
C0146,OEM-RENAULT,2021-02-13,"D-3570,D-1748,D-1190,D-6485",Drum Brake Assy,Crack on brake drum casting - 6 bar air test fail,56,Resin expiry date exceeded,Yes,Root cause under investigation,289872,Closed,Y,N,
C0147,OEM-HONDA,2022-11-03,"D-2385,D-4445,D-1191,D-1301",Disc Brake Caliper,Friction material detached after 3000 km field use,241,Chiller fault - mould temp swing,Yes,Process parameter locked; re-training done,52091,Closed,,N,Closed with customer sign-off
C0148,OEM-BAJAJ,2024-01-22,"D-3432,D-2396",CV Joint,Oil contamination on lining surface,197,Coolant contamination in grinding,No,Rework and re-inspect,498046,Closed,Y,N,Escalated to GM QA
C0149,OEM-MARUTI,2021-09-12,"D-3357,D-5561,D-1254",Brake Shoe,Vibration at highway speeds - rotor runout > 0.05 mm,232,Resin expiry date exceeded,No,Preventive maintenance completed,244843,Closed,N,,Customer requested urgent resolution
C0150,OEM-HONDA,2024-03-29,"D-3307,D-1475",Brake Disc,Dimensional out-of-spec - ID oversize by 0.12 mm,94,Machine tool wear - spindle runout,Pending,Preventive maintenance completed,313874,Closed,N,Y,Escalated to GM QA
C0151,OEM-TATA,2021-09-27,"D-2160,D-3541",CV Joint,Corrosion observed on disc surface - field report,228,Calibration lapse - gauge not zeroed,Pending,Preventive maintenance completed,279758,Closed,Y,N,Field visit completed
C0152,OEM-SUZUKI,2024-08-16,"D-2218,D-3349",Clutch Plate,Surface delamination - units rejected at incoming QC,271,Batch mix ratio deviation,No,,41141,Open,N,N,Closed with customer sign-off
C0153,OEM-HYUNDAI,2023-12-30,"D-3516,D-2956,D-3612",Wheel Hub Assy,Clutch slip - insufficient torque capacity,118,Incorrect cure temp - night shift,No,100% inspection implemented,72017,Closed,Y,,Field visit completed
C0154,OEM-BAJAJ,2024-09-28,"D-3409,D-1734,D-2263,D-1678",Drum Brake Assy,Friction material detached after 3000 km field use,59,Batch mix ratio deviation,Pending,Process parameter locked; re-training done,81210,In Progress,N,Y,Repeat issue - CAPA overdue
C0155,OEM-RENAULT,2021-05-29,"D-3766,D-3868,D-1498,D-3764",ABS Sensor Ring,Surface delamination - units rejected at incoming QC,490,Supplier batch below spec,,Full recall + replacement dispatched,281403,Open,Y,N,Escalated to GM QA
C0156,OEM-FORD,2022-05-03,"D-1644,D-3433",Brake Pad Type A,ABS sensor ring missing teeth - 12 units,202,Operator error - wrong die inserted,Yes,Process parameter locked; re-training done,191374,Escalated,N,N,Customer requested urgent resolution
C0157,OEM-MARUTI,2024-07-16,"D-1830,D-3020",ABS Sensor Ring,Friction material detached after 3000 km field use,394,Batch mix ratio deviation,,Corrective action plan submitted,317642,Escalated,Y,Y,OEM issued debit note
C0158,OEM-MAHINDRA,2022-08-07,"D-1444,D-3976,D-2796,D-2322",Brake Pad Type A,Dimensional out-of-spec - ID oversize by 0.12 mm,397,Resin expiry date exceeded,Pending,Process parameter locked; re-training done,12329,Closed,N,N,Customer requested urgent resolution
C0159,OEM-HONDA,2023-05-15,"D-1877,D-3930",Brake Pad Type B,Oil contamination on lining surface,157,Coolant contamination in grinding,Pending,Scrap & re-order from alternate supplier,233078,Closed,N,N,Field visit completed
C0160,OEM-MARUTI,2023-04-27,"D-4464,D-3392,D-5521",Brake Pad Type A,Dimensional out-of-spec - ID oversize by 0.12 mm,32,,Pending,Corrective action plan submitted,284316,Escalated,Y,N,Repeat issue - CAPA overdue
C0161,OEM-MARUTI,2021-09-19,"D-1858,D-1855,D-5976,D-3376",Brake Pad Type B,Vibration at highway speeds - rotor runout > 0.05 mm,215,Resin expiry date exceeded,Yes,Rework and re-inspect,268133,Closed,Y,N,Repeat issue - CAPA overdue
C0162,OEM-HONDA,2022-03-17,D-2661,Brake Pad Type A,Oil contamination on lining surface,244,Incoming lot moisture > 0.5%,Pending,100% inspection implemented,495385,Closed,Y,N,Customer requested urgent resolution
C0163,OEM-MARUTI,2022-01-25,"D-1019,D-3254,D-1967",Disc Brake Caliper,Vibration at highway speeds - rotor runout > 0.05 mm,136,Incorrect cure temp - night shift,Pending,Root cause under investigation,105580,Open,N,Y,
C0164,OEM-SUZUKI,2021-04-05,"D-4307,D-2576,D-4067,D-1775",CV Joint,ABS sensor ring missing teeth - 12 units,41,Batch mix ratio deviation,Pending,Rework and re-inspect,186878,Closed,Y,Y,Customer requested urgent resolution
C0165,OEM-MARUTI,2024-06-06,D-4156,Wheel Hub Assy,Corrosion observed on disc surface - field report,15,Incorrect cure temp - night shift,Pending,,36085,Closed,N,N,Closed with customer sign-off
C0166,OEM-HYUNDAI,2022-10-21,D-6348,Brake Pad Type B,ABS sensor ring missing teeth - 12 units,21,Calibration lapse - gauge not zeroed,Yes,,262141,Closed,Y,Y,Repeat issue - CAPA overdue
C0167,OEM-FORD,2024-03-07,D-4284,Brake Pad Type A,Corrosion observed on disc surface - field report,119,,Yes,Rework and re-inspect,90305,In Progress,N,N,Customer requested urgent resolution
C0168,OEM-TATA,2023-12-03,"D-3785,D-1987",Brake Pad Type B,Friction material detached after 3000 km field use,173,,No,Full recall + replacement dispatched,402546,In Progress,N,Y,Escalated to GM QA
C0169,OEM-HONDA,2024-01-19,"D-2068,D-2200",Disc Brake Caliper,Friction material detached after 3000 km field use,122,Incoming lot moisture > 0.5%,Pending,Rework and re-inspect,91924,Closed,Y,N,Closed with customer sign-off
C0170,OEM-HONDA,2023-04-10,"D-3520,D-4148,D-1784,D-4434",ABS Sensor Ring,ABS sensor ring missing teeth - 12 units,27,Batch mix ratio deviation,No,,346176,Open,N,N,Customer requested urgent resolution
C0171,OEM-SUZUKI,2022-07-30,D-5645,CV Joint,Friction material detached after 3000 km field use,400,Batch mix ratio deviation,Pending,Full recall + replacement dispatched,40340,In Progress,Y,N,OEM issued debit note
C0172,OEM-BAJAJ,2021-05-25,"D-1189,D-3612",Brake Pad Type A,Crack on brake drum casting - 6 bar air test fail,332,Under investigation,No,Corrective action plan submitted,261287,Open,Y,N,Closed with customer sign-off
C0173,OEM-TVS,2024-11-19,D-3654,Wheel Hub Assy,Friction material detached after 3000 km field use,95,Machine tool wear - spindle runout,No,100% inspection implemented,387307,In Progress,Y,Y,Escalated to GM QA
C0174,OEM-SUZUKI,2024-10-01,"D-1616,D-1715,D-4461,D-1163",Brake Disc,Oil contamination on lining surface,17,Coolant contamination in grinding,No,Full recall + replacement dispatched,206508,Closed,Y,N,
C0175,OEM-TATA,2023-10-19,"D-3469,D-2195,D-5777,D-2752",ABS Sensor Ring,Vibration at highway speeds - rotor runout > 0.05 mm,35,Calibration lapse - gauge not zeroed,Pending,Process parameter locked; re-training done,379974,Escalated,N,N,Customer requested urgent resolution
C0176,OEM-MAHINDRA,2024-11-24,"D-1218,D-1735,D-4320",Brake Pad Type B,Noise complaint - squeal at low speed braking,281,Chiller fault - mould temp swing,No,Root cause under investigation,198326,In Progress,Y,Y,Escalated to GM QA
C0177,OEM-HONDA,2021-11-10,D-2090,Wheel Hub Assy,Oil contamination on lining surface,300,Supplier batch below spec,Pending,Full recall + replacement dispatched,307551,Closed,N,N,OEM issued debit note
C0178,OEM-RENAULT,2021-03-25,"D-2753,D-4335,D-3256",Brake Disc,Friction material detached after 3000 km field use,485,Incoming lot moisture > 0.5%,Pending,Rework and re-inspect,385978,Closed,Y,N,OEM issued debit note
C0179,OEM-SUZUKI,2022-01-04,"D-3817,D-1808,D-3069,D-2768",Brake Pad Type B,Oil contamination on lining surface,109,Under investigation,No,Corrective action plan submitted,295523,Closed,N,N,Customer requested urgent resolution
C0180,OEM-TATA,2024-09-14,"D-4158,D-5568,D-3683",Brake Shoe,Dimensional out-of-spec - ID oversize by 0.12 mm,433,Machine tool wear - spindle runout,Pending,Root cause under investigation,116138,Closed,,Y,Customer requested urgent resolution
C0181,OEM-BAJAJ,2021-01-14,"D-1952,D-4025,D-3555,D-3186",CV Joint,Oil contamination on lining surface,324,Resin expiry date exceeded,Yes,Full recall + replacement dispatched,347038,Closed,Y,N,Escalated to GM QA
C0182,OEM-HYUNDAI,2021-12-10,"D-3942,D-1343",Brake Shoe,Clutch slip - insufficient torque capacity,435,Incoming lot moisture > 0.5%,Yes,100% inspection implemented,225341,Closed,N,,Escalated to GM QA
C0183,OEM-HYUNDAI,2022-12-11,"D-1978,D-3237,D-6633",ABS Sensor Ring,Friction material detached after 3000 km field use,25,,Yes,Root cause under investigation,415176,Escalated,Y,N,Field visit completed
C0184,OEM-HONDA,2024-06-26,D-3882,Disc Brake Caliper,Dimensional out-of-spec - ID oversize by 0.12 mm,57,Under investigation,No,,75620,Escalated,N,Y,OEM issued debit note
C0185,OEM-TATA,2022-04-05,"D-4125,D-1888,D-3509,D-2650",Wheel Hub Assy,Friction material detached after 3000 km field use,323,Machine tool wear - spindle runout,Yes,Scrap & re-order from alternate supplier,177581,Closed,Y,,
C0186,OEM-SUZUKI,2021-09-25,"D-2775,D-2543,D-2317",Wheel Hub Assy,Friction material detached after 3000 km field use,120,Chiller fault - mould temp swing,No,Full recall + replacement dispatched,338345,Escalated,N,N,OEM issued debit note
C0187,OEM-TATA,2021-06-03,"D-1186,D-4082,D-4388,D-3735",Brake Disc,Clutch slip - insufficient torque capacity,136,Coolant contamination in grinding,Yes,Root cause under investigation,456805,In Progress,N,N,Closed with customer sign-off
C0188,OEM-MARUTI,2021-06-22,"D-3831,D-3242",Brake Disc,Crack on brake drum casting - 6 bar air test fail,216,Machine tool wear - spindle runout,Pending,Rework and re-inspect,157716,In Progress,,Y,OEM issued debit note
C0189,OEM-RENAULT,2024-03-15,"D-3208,D-3985",Brake Pad Type A,Corrosion observed on disc surface - field report,298,Resin expiry date exceeded,Pending,Full recall + replacement dispatched,225796,Closed,Y,Y,OEM issued debit note
C0190,OEM-MARUTI,2024-09-21,"D-4318,D-4396,D-3292,D-1685",Brake Disc,Clutch slip - insufficient torque capacity,133,Incorrect cure temp - night shift,No,Scrap & re-order from alternate supplier,171706,Closed,N,Y,Repeat issue - CAPA overdue
C0191,OEM-TVS,2023-05-09,"D-1848,D-2463,D-2872,D-2279",Brake Pad Type B,Friction material detached after 3000 km field use,195,Machine tool wear - spindle runout,Yes,Scrap & re-order from alternate supplier,177037,Closed,Y,Y,Field visit completed
C0192,OEM-MAHINDRA,2022-09-29,"D-3736,D-3242,D-3153",Wheel Hub Assy,ABS sensor ring missing teeth - 12 units,314,Supplier batch below spec,No,100% inspection implemented,111226,Escalated,N,,Escalated to GM QA
C0193,OEM-TATA,2024-11-13,"D-3395,D-1522,D-6964",Clutch Plate,ABS sensor ring missing teeth - 12 units,304,Machine tool wear - spindle runout,No,,279503,Closed,N,N,Customer requested urgent resolution
C0194,OEM-TATA,2024-05-16,"D-3634,D-3839,D-4335,D-4065",Brake Pad Type B,Friction material detached after 3000 km field use,108,Coolant contamination in grinding,No,Full recall + replacement dispatched,308010,Open,N,N,Closed with customer sign-off
C0195,OEM-TATA,2021-03-17,D-3912,Drum Brake Assy,Crack on brake drum casting - 6 bar air test fail,358,Machine tool wear - spindle runout,No,Process parameter locked; re-training done,201425,Closed,Y,N,Repeat issue - CAPA overdue
C0196,OEM-HONDA,2022-03-15,"D-3248,D-1377,D-4077,D-2879",Drum Brake Assy,ABS sensor ring missing teeth - 12 units,317,Supplier batch below spec,,Corrective action plan submitted,173299,Open,Y,Y,Escalated to GM QA
C0197,OEM-HONDA,2024-01-23,"D-3054,D-3193",Clutch Plate,Dimensional out-of-spec - ID oversize by 0.12 mm,326,Resin expiry date exceeded,Yes,Process parameter locked; re-training done,462156,Closed,Y,Y,Escalated to GM QA
C0198,OEM-MARUTI,2023-04-23,"D-1006,D-2499,D-1839,D-4219",Disc Brake Caliper,Vibration at highway speeds - rotor runout > 0.05 mm,277,Operator error - wrong die inserted,Yes,Full recall + replacement dispatched,129919,Closed,N,N,Escalated to GM QA
C0199,OEM-HONDA,2023-04-08,"D-1955,D-6137,D-1487,D-3036",Brake Shoe,Clutch slip - insufficient torque capacity,219,Incoming lot moisture > 0.5%,No,Scrap & re-order from alternate supplier,252681,Closed,N,N,Closed with customer sign-off
C0200,OEM-FORD,2022-02-16,"D-4466,D-1985",Brake Shoe,Oil contamination on lining surface,500,,Yes,Preventive maintenance completed,309941,Closed,N,N,Closed with customer sign-off
C0201,OEM-MARUTI,2021-06-22,"D-2679,D-4103",Drum Brake Assy,Clutch slip - insufficient torque capacity,185,Incoming lot moisture > 0.5%,,Process parameter locked; re-training done,110975,Closed,Y,Y,Field visit completed
C0202,OEM-HYUNDAI,2022-08-01,"D-3491,D-1177,D-1332",Drum Brake Assy,Dimensional out-of-spec - ID oversize by 0.12 mm,225,Operator error - wrong die inserted,Pending,100% inspection implemented,28263,In Progress,N,Y,Closed with customer sign-off
C0203,OEM-HONDA,2021-03-10,"D-2232,D-2731,D-3697",CV Joint,Oil contamination on lining surface,338,Chiller fault - mould temp swing,Pending,100% inspection implemented,349977,Closed,Y,Y,Closed with customer sign-off
C0204,OEM-RENAULT,2022-06-01,D-4069,Clutch Plate,Vibration at highway speeds - rotor runout > 0.05 mm,459,Operator error - wrong die inserted,No,Root cause under investigation,5286,Open,Y,N,Closed with customer sign-off
C0205,OEM-RENAULT,2022-12-22,"D-2133,D-2269,D-3129,D-2373",CV Joint,ABS sensor ring missing teeth - 12 units,202,Supplier batch below spec,No,Rework and re-inspect,407060,In Progress,Y,N,Field visit completed
C0206,OEM-MAHINDRA,2023-08-12,"D-4289,D-3215,D-6796",CV Joint,Crack on brake drum casting - 6 bar air test fail,178,Resin expiry date exceeded,Yes,Corrective action plan submitted,123389,Closed,Y,Y,Closed with customer sign-off
C0207,OEM-MAHINDRA,2023-10-08,"D-4350,D-1655,D-1666,D-1445",Brake Disc,Vibration at highway speeds - rotor runout > 0.05 mm,18,Calibration lapse - gauge not zeroed,Pending,Root cause under investigation,109836,Open,N,N,Field visit completed
C0208,OEM-BAJAJ,2023-07-02,"D-1678,D-1680,D-4130",Drum Brake Assy,Dimensional out-of-spec - ID oversize by 0.12 mm,410,Machine tool wear - spindle runout,No,Corrective action plan submitted,400334,Closed,Y,Y,Closed with customer sign-off
C0209,OEM-TVS,2024-06-22,"D-2970,D-3525,D-2195,D-1818",CV Joint,Vibration at highway speeds - rotor runout > 0.05 mm,365,Machine tool wear - spindle runout,,Corrective action plan submitted,374910,Closed,Y,N,Repeat issue - CAPA overdue
C0210,OEM-TATA,2023-10-27,"D-3697,D-3013",ABS Sensor Ring,Oil contamination on lining surface,131,Calibration lapse - gauge not zeroed,,Rework and re-inspect,444454,Closed,Y,Y,Field visit completed
C0211,OEM-HYUNDAI,2023-03-01,"D-2144,D-2809,D-3111,D-1188",Brake Pad Type B,Surface delamination - units rejected at incoming QC,473,Incorrect cure temp - night shift,No,Rework and re-inspect,342746,Closed,N,Y,Field visit completed
C0212,OEM-SUZUKI,2022-11-17,"D-2268,D-3568",Clutch Plate,Dimensional out-of-spec - ID oversize by 0.12 mm,444,Operator error - wrong die inserted,Yes,Preventive maintenance completed,369000,In Progress,Y,Y,OEM issued debit note
C0213,OEM-MAHINDRA,2024-05-06,"D-4454,D-6346,D-2430",Drum Brake Assy,Vibration at highway speeds - rotor runout > 0.05 mm,125,Calibration lapse - gauge not zeroed,Yes,Preventive maintenance completed,101644,Open,,Y,Closed with customer sign-off
C0214,OEM-BAJAJ,2022-04-13,"D-6213,D-2041",Wheel Hub Assy,Crack on brake drum casting - 6 bar air test fail,330,,Yes,Preventive maintenance completed,217801,Open,N,Y,Customer requested urgent resolution
C0215,OEM-MAHINDRA,2023-04-13,"D-2301,D-1205,D-1971",Brake Pad Type A,Clutch slip - insufficient torque capacity,198,Incorrect cure temp - night shift,Pending,Full recall + replacement dispatched,109957,Open,N,N,Repeat issue - CAPA overdue
C0216,OEM-FORD,2022-02-09,"D-2698,D-6690,D-1823,D-4053",Brake Disc,Noise complaint - squeal at low speed braking,177,Supplier batch below spec,Yes,,172978,Closed,N,N,Field visit completed
C0217,OEM-HYUNDAI,2024-05-17,"D-3980,D-2131,D-3123",CV Joint,Surface delamination - units rejected at incoming QC,343,Coolant contamination in grinding,Yes,Process parameter locked; re-training done,82919,Closed,N,Y,Customer requested urgent resolution
C0218,OEM-BAJAJ,2021-01-12,"D-2099,D-1256",CV Joint,Oil contamination on lining surface,202,Supplier batch below spec,No,Scrap & re-order from alternate supplier,476595,In Progress,N,N,Escalated to GM QA
C0219,OEM-TATA,2024-06-12,D-4233,Clutch Plate,Vibration at highway speeds - rotor runout > 0.05 mm,237,Supplier batch below spec,,Corrective action plan submitted,121022,Closed,N,Y,Closed with customer sign-off
C0220,OEM-MAHINDRA,2023-06-14,"D-2260,D-2927,D-4460,D-1652",Brake Pad Type B,Noise complaint - squeal at low speed braking,24,Resin expiry date exceeded,No,,113220,Open,N,Y,Repeat issue - CAPA overdue
C0221,OEM-HYUNDAI,2022-09-16,"D-3108,D-3007",ABS Sensor Ring,ABS sensor ring missing teeth - 12 units,306,,Yes,Process parameter locked; re-training done,400346,Open,,Y,OEM issued debit note
C0222,OEM-MAHINDRA,2022-11-14,"D-3604,D-2909,D-3560,D-1729",Brake Shoe,Surface delamination - units rejected at incoming QC,140,,No,,382559,Closed,Y,N,Customer requested urgent resolution
C0223,OEM-HONDA,2021-05-15,D-3812,Drum Brake Assy,Clutch slip - insufficient torque capacity,281,,No,Root cause under investigation,253421,Closed,N,Y,
C0224,OEM-RENAULT,2022-02-20,"D-3094,D-1637",Brake Pad Type A,Vibration at highway speeds - rotor runout > 0.05 mm,220,Incoming lot moisture > 0.5%,Pending,,266889,In Progress,N,Y,Field visit completed
C0225,OEM-TVS,2022-01-13,"D-2310,D-4490",Drum Brake Assy,Crack on brake drum casting - 6 bar air test fail,227,Operator error - wrong die inserted,Yes,Preventive maintenance completed,204990,Open,Y,Y,Closed with customer sign-off
C0226,OEM-HONDA,2023-03-02,"D-4343,D-4464",Brake Shoe,Noise complaint - squeal at low speed braking,481,Supplier batch below spec,Yes,Root cause under investigation,86422,In Progress,Y,N,Customer requested urgent resolution
C0227,OEM-MARUTI,2024-03-25,"D-3584,D-4891,D-1781",ABS Sensor Ring,Clutch slip - insufficient torque capacity,145,Under investigation,No,Rework and re-inspect,77424,In Progress,N,Y,Repeat issue - CAPA overdue
C0228,OEM-SUZUKI,2022-06-07,"D-4338,D-3425,D-1924,D-3443",CV Joint,Crack on brake drum casting - 6 bar air test fail,222,Operator error - wrong die inserted,No,Root cause under investigation,84370,Open,N,Y,Field visit completed
C0229,OEM-FORD,2023-04-27,"D-2868,D-2608,D-1515",Clutch Plate,Vibration at highway speeds - rotor runout > 0.05 mm,295,Under investigation,Pending,Process parameter locked; re-training done,362358,Escalated,N,N,Closed with customer sign-off
C0230,OEM-MARUTI,2024-02-10,"D-1616,D-3417,D-1660",Clutch Plate,Dimensional out-of-spec - ID oversize by 0.12 mm,403,Chiller fault - mould temp swing,Yes,Corrective action plan submitted,224521,Closed,Y,N,Repeat issue - CAPA overdue
C0231,OEM-MARUTI,2023-01-12,"D-3627,D-4318,D-3313,D-3991",Brake Pad Type A,Dimensional out-of-spec - ID oversize by 0.12 mm,339,Chiller fault - mould temp swing,No,,45206,Closed,N,N,Escalated to GM QA
C0232,OEM-TVS,2022-03-07,"D-1208,D-6461",ABS Sensor Ring,Dimensional out-of-spec - ID oversize by 0.12 mm,115,Calibration lapse - gauge not zeroed,No,Corrective action plan submitted,221718,Closed,Y,N,Customer requested urgent resolution
C0233,OEM-HYUNDAI,2022-11-29,"D-4388,D-1589",Disc Brake Caliper,Friction material detached after 3000 km field use,332,Operator error - wrong die inserted,,Corrective action plan submitted,18960,Closed,Y,Y,Closed with customer sign-off
C0234,OEM-SUZUKI,2023-11-25,"D-2036,D-2424,D-1019,D-1921",Disc Brake Caliper,ABS sensor ring missing teeth - 12 units,125,Batch mix ratio deviation,Yes,100% inspection implemented,63670,Closed,Y,Y,Customer requested urgent resolution
C0235,OEM-TATA,2022-12-17,"D-2009,D-2999,D-1707",ABS Sensor Ring,Crack on brake drum casting - 6 bar air test fail,411,Supplier batch below spec,No,Process parameter locked; re-training done,381944,Closed,N,N,Repeat issue - CAPA overdue
C0236,OEM-HYUNDAI,2021-09-19,"D-1642,D-1475,D-2053",Clutch Plate,ABS sensor ring missing teeth - 12 units,1,Coolant contamination in grinding,No,Scrap & re-order from alternate supplier,106812,Closed,Y,N,
C0237,OEM-SUZUKI,2023-06-21,"D-3016,D-3383,D-3629,D-3669",Brake Pad Type B,Vibration at highway speeds - rotor runout > 0.05 mm,377,Resin expiry date exceeded,Pending,Corrective action plan submitted,132859,Closed,,Y,OEM issued debit note
C0238,OEM-BAJAJ,2024-10-26,"D-4197,D-4321,D-1220,D-1200",CV Joint,Oil contamination on lining surface,372,Calibration lapse - gauge not zeroed,Pending,Corrective action plan submitted,320434,In Progress,Y,Y,OEM issued debit note
C0239,OEM-BAJAJ,2023-05-19,"D-4319,D-1365,D-1035,D-1789",Disc Brake Caliper,Friction material detached after 3000 km field use,171,Incoming lot moisture > 0.5%,Pending,Rework and re-inspect,376087,Open,N,Y,Closed with customer sign-off
C0240,OEM-FORD,2023-12-11,"D-2083,D-3322,D-1459,D-3731",Wheel Hub Assy,Oil contamination on lining surface,81,Incoming lot moisture > 0.5%,No,,461755,Open,Y,Y,Closed with customer sign-off
C0241,OEM-HYUNDAI,2022-04-28,"D-2002,D-3582",Disc Brake Caliper,Corrosion observed on disc surface - field report,364,Under investigation,Yes,Rework and re-inspect,453525,Closed,,Y,OEM issued debit note
C0242,OEM-MARUTI,2022-03-17,"D-4198,D-2952",Brake Pad Type B,Friction material detached after 3000 km field use,292,Machine tool wear - spindle runout,Yes,Preventive maintenance completed,389821,Closed,N,N,Field visit completed
C0243,OEM-HYUNDAI,2022-06-03,"D-1532,D-2929,D-3247",Brake Pad Type A,Oil contamination on lining surface,159,Chiller fault - mould temp swing,,100% inspection implemented,201993,Escalated,Y,N,Customer requested urgent resolution
C0244,OEM-TATA,2022-01-01,"D-2449,D-4454",Brake Shoe,Crack on brake drum casting - 6 bar air test fail,197,Machine tool wear - spindle runout,Pending,Root cause under investigation,271059,Closed,,Y,Escalated to GM QA
C0245,OEM-HONDA,2021-07-05,"D-1596,D-2189,D-3613,D-6090",Brake Pad Type B,ABS sensor ring missing teeth - 12 units,198,Resin expiry date exceeded,No,Corrective action plan submitted,195461,Closed,Y,Y,Repeat issue - CAPA overdue
C0246,OEM-TVS,2023-06-30,D-2726,Brake Pad Type A,Surface delamination - units rejected at incoming QC,275,Machine tool wear - spindle runout,No,Process parameter locked; re-training done,424938,Closed,N,,OEM issued debit note
C0247,OEM-TVS,2021-03-19,"D-7646,D-1806",Wheel Hub Assy,Crack on brake drum casting - 6 bar air test fail,430,Supplier batch below spec,No,Rework and re-inspect,262797,Open,N,N,Field visit completed
C0248,OEM-TATA,2022-08-17,"D-3008,D-4326",Brake Pad Type A,Vibration at highway speeds - rotor runout > 0.05 mm,429,Operator error - wrong die inserted,Yes,,438132,Escalated,N,N,Closed with customer sign-off
C0249,OEM-MARUTI,2021-02-06,D-2573,ABS Sensor Ring,Dimensional out-of-spec - ID oversize by 0.12 mm,57,Incoming lot moisture > 0.5%,No,Process parameter locked; re-training done,274183,Closed,Y,,Field visit completed
C0250,OEM-SUZUKI,2023-01-12,"D-4220,D-1707,D-2576",Brake Pad Type B,Surface delamination - units rejected at incoming QC,475,Incorrect cure temp - night shift,Yes,Root cause under investigation,268223,Closed,Y,N,Closed with customer sign-off
C0251,OEM-MAHINDRA,2023-12-23,D-1929,Clutch Plate,Surface delamination - units rejected at incoming QC,191,Operator error - wrong die inserted,Pending,Process parameter locked; re-training done,220692,Escalated,Y,Y,Field visit completed
C0252,OEM-MAHINDRA,2024-11-14,"D-1555,D-2530",Wheel Hub Assy,Friction material detached after 3000 km field use,356,Resin expiry date exceeded,No,Process parameter locked; re-training done,279991,Closed,Y,N,Closed with customer sign-off
C0253,OEM-BAJAJ,2024-10-21,"D-2837,D-2859,D-1784",Drum Brake Assy,Surface delamination - units rejected at incoming QC,439,Calibration lapse - gauge not zeroed,Pending,Corrective action plan submitted,434064,Closed,N,Y,Escalated to GM QA
C0254,OEM-HONDA,2023-06-24,"D-2875,D-2896,D-4237,D-4473",ABS Sensor Ring,Corrosion observed on disc surface - field report,368,Chiller fault - mould temp swing,Yes,Scrap & re-order from alternate supplier,477350,Closed,Y,Y,Customer requested urgent resolution
C0255,OEM-TVS,2022-11-08,D-4128,Brake Pad Type A,ABS sensor ring missing teeth - 12 units,420,Batch mix ratio deviation,Pending,,129666,Closed,Y,N,Escalated to GM QA
C0256,OEM-MAHINDRA,2021-03-21,"D-4406,D-4169,D-4114",Brake Shoe,Corrosion observed on disc surface - field report,28,,No,Rework and re-inspect,81207,Closed,Y,,Customer requested urgent resolution
C0257,OEM-RENAULT,2024-10-02,D-2108,Brake Shoe,Surface delamination - units rejected at incoming QC,4,Incoming lot moisture > 0.5%,Yes,Rework and re-inspect,97898,Escalated,N,Y,Customer requested urgent resolution
C0258,OEM-MARUTI,2022-03-09,"D-1013,D-3240,D-3571,D-3225",Disc Brake Caliper,Vibration at highway speeds - rotor runout > 0.05 mm,347,Supplier batch below spec,,Preventive maintenance completed,295318,Closed,Y,Y,Customer requested urgent resolution
C0259,OEM-TATA,2024-12-09,"D-2020,D-3303",Disc Brake Caliper,Vibration at highway speeds - rotor runout > 0.05 mm,161,Calibration lapse - gauge not zeroed,Pending,Root cause under investigation,363808,Closed,N,,Field visit completed
C0260,OEM-SUZUKI,2021-09-03,"D-2145,D-3193,D-5239",Brake Shoe,Dimensional out-of-spec - ID oversize by 0.12 mm,431,Resin expiry date exceeded,Pending,Preventive maintenance completed,151060,Closed,Y,Y,Customer requested urgent resolution
C0261,OEM-SUZUKI,2023-12-11,"D-3145,D-3026,D-3034,D-2890",Disc Brake Caliper,Noise complaint - squeal at low speed braking,10,Incoming lot moisture > 0.5%,Pending,Root cause under investigation,262859,Closed,N,Y,Escalated to GM QA
C0262,OEM-TATA,2021-05-28,"D-3763,D-1105",Drum Brake Assy,ABS sensor ring missing teeth - 12 units,272,Incorrect cure temp - night shift,No,Corrective action plan submitted,272815,Closed,N,Y,Field visit completed
C0263,OEM-BAJAJ,2021-10-01,"D-1424,D-5417,D-4274,D-3632",Brake Shoe,Noise complaint - squeal at low speed braking,45,Chiller fault - mould temp swing,Yes,,293748,Closed,Y,Y,Closed with customer sign-off
C0264,OEM-MAHINDRA,2021-03-29,D-4651,Disc Brake Caliper,Crack on brake drum casting - 6 bar air test fail,88,Incorrect cure temp - night shift,Yes,Scrap & re-order from alternate supplier,361819,In Progress,Y,Y,Escalated to GM QA
C0265,OEM-HYUNDAI,2021-02-19,"D-3247,D-2230,D-1108",Wheel Hub Assy,Oil contamination on lining surface,380,Under investigation,Yes,Corrective action plan submitted,145074,Open,Y,Y,OEM issued debit note
C0266,OEM-MARUTI,2023-11-06,"D-3561,D-2026,D-5417",ABS Sensor Ring,ABS sensor ring missing teeth - 12 units,415,Under investigation,Pending,Root cause under investigation,327792,Closed,Y,Y,OEM issued debit note
C0267,OEM-TVS,2022-02-22,"D-4021,D-4812,D-2639,D-4007",Clutch Plate,Friction material detached after 3000 km field use,399,Batch mix ratio deviation,Pending,Scrap & re-order from alternate supplier,256520,Escalated,N,N,OEM issued debit note
C0268,OEM-MAHINDRA,2023-09-15,D-4137,Brake Shoe,Surface delamination - units rejected at incoming QC,471,Under investigation,Pending,Scrap & re-order from alternate supplier,230567,Closed,N,Y,Field visit completed
C0269,OEM-BAJAJ,2022-04-07,D-3464,Drum Brake Assy,Friction material detached after 3000 km field use,340,Coolant contamination in grinding,Yes,,159160,In Progress,Y,Y,Escalated to GM QA
C0270,OEM-TVS,2021-01-04,"D-4328,D-3831,D-3814",CV Joint,Crack on brake drum casting - 6 bar air test fail,419,Coolant contamination in grinding,Pending,100% inspection implemented,215512,In Progress,N,Y,OEM issued debit note
C0271,OEM-MARUTI,2021-02-17,"D-1828,D-1973,D-2603",Brake Disc,Dimensional out-of-spec - ID oversize by 0.12 mm,486,Resin expiry date exceeded,Yes,Scrap & re-order from alternate supplier,478289,Closed,N,N,Repeat issue - CAPA overdue
C0272,OEM-MARUTI,2023-06-03,"D-1864,D-1218",Clutch Plate,Oil contamination on lining surface,406,Coolant contamination in grinding,Pending,Scrap & re-order from alternate supplier,193649,Closed,Y,N,Closed with customer sign-off
C0273,OEM-MARUTI,2023-04-25,"D-3423,D-5064",Disc Brake Caliper,Surface delamination - units rejected at incoming QC,353,Machine tool wear - spindle runout,Pending,Rework and re-inspect,130915,Closed,Y,N,Repeat issue - CAPA overdue
C0274,OEM-TVS,2022-04-22,D-2969,Wheel Hub Assy,Dimensional out-of-spec - ID oversize by 0.12 mm,118,Coolant contamination in grinding,Yes,Rework and re-inspect,195259,Closed,N,Y,Closed with customer sign-off
C0275,OEM-BAJAJ,2022-09-03,"D-3859,D-1292,D-3522,D-3071",Brake Disc,Clutch slip - insufficient torque capacity,36,Resin expiry date exceeded,Yes,Rework and re-inspect,186972,Escalated,Y,N,Repeat issue - CAPA overdue
C0276,OEM-TVS,2024-08-21,"D-3206,D-4809,D-3289",Disc Brake Caliper,ABS sensor ring missing teeth - 12 units,103,,No,100% inspection implemented,244854,Closed,N,N,Field visit completed
C0277,OEM-HONDA,2023-12-21,"D-1010,D-1867,D-3049,D-3378",Wheel Hub Assy,Noise complaint - squeal at low speed braking,416,Under investigation,Yes,Process parameter locked; re-training done,300226,In Progress,Y,N,
C0278,OEM-FORD,2023-07-29,"D-3604,D-5371,D-4290,D-4368",Disc Brake Caliper,Noise complaint - squeal at low speed braking,155,Chiller fault - mould temp swing,No,Process parameter locked; re-training done,30390,Open,Y,Y,OEM issued debit note
C0279,OEM-TVS,2022-12-27,"D-2809,D-1509",Wheel Hub Assy,Oil contamination on lining surface,238,Operator error - wrong die inserted,Yes,100% inspection implemented,374932,In Progress,Y,N,OEM issued debit note
C0280,OEM-FORD,2024-03-22,"D-4985,D-1176,D-5752",Drum Brake Assy,Clutch slip - insufficient torque capacity,182,Machine tool wear - spindle runout,,Scrap & re-order from alternate supplier,419650,Open,Y,N,Field visit completed
C0281,OEM-TVS,2021-05-16,"D-3345,D-2800,D-3360,D-3891",Wheel Hub Assy,Friction material detached after 3000 km field use,140,Machine tool wear - spindle runout,Yes,Process parameter locked; re-training done,8233,Closed,Y,N,Field visit completed
C0282,OEM-BAJAJ,2024-01-03,"D-2471,D-2454,D-2257,D-2267",Brake Pad Type B,ABS sensor ring missing teeth - 12 units,242,,No,Full recall + replacement dispatched,255516,Closed,Y,Y,Field visit completed
C0283,OEM-TVS,2023-07-15,"D-4244,D-3883,D-4459",Brake Shoe,Clutch slip - insufficient torque capacity,319,Chiller fault - mould temp swing,No,,286206,Open,N,Y,OEM issued debit note
C0284,OEM-BAJAJ,2021-09-01,"D-5837,D-3439,D-4060,D-4125",Brake Disc,Vibration at highway speeds - rotor runout > 0.05 mm,46,Supplier batch below spec,No,Root cause under investigation,185426,In Progress,N,N,Field visit completed
C0285,OEM-TVS,2021-11-08,D-1124,Brake Pad Type B,ABS sensor ring missing teeth - 12 units,227,Batch mix ratio deviation,Pending,Process parameter locked; re-training done,380556,Open,N,N,Repeat issue - CAPA overdue
C0286,OEM-BAJAJ,2023-08-06,"D-3123,D-4479,D-2204,D-3462",Brake Pad Type A,Noise complaint - squeal at low speed braking,176,Incorrect cure temp - night shift,Yes,Process parameter locked; re-training done,209492,In Progress,N,,OEM issued debit note
C0287,OEM-TATA,2023-04-11,"D-3892,D-3772,D-1218",Wheel Hub Assy,Friction material detached after 3000 km field use,388,Batch mix ratio deviation,Yes,Process parameter locked; re-training done,46796,Closed,N,Y,Repeat issue - CAPA overdue
C0288,OEM-MARUTI,2022-12-23,D-3228,Wheel Hub Assy,Friction material detached after 3000 km field use,343,Incorrect cure temp - night shift,Yes,Preventive maintenance completed,423805,Closed,N,Y,Field visit completed
C0289,OEM-MARUTI,2023-07-31,"D-1256,D-3810,D-1969",Brake Pad Type A,Clutch slip - insufficient torque capacity,156,Resin expiry date exceeded,,Preventive maintenance completed,271560,Closed,,Y,Customer requested urgent resolution
C0290,OEM-HYUNDAI,2023-06-08,"D-1862,D-3503,D-2612,D-2614",ABS Sensor Ring,ABS sensor ring missing teeth - 12 units,280,,Pending,Scrap & re-order from alternate supplier,18075,Open,Y,Y,Customer requested urgent resolution
C0291,OEM-FORD,2022-02-04,"D-3828,D-2361",Clutch Plate,Corrosion observed on disc surface - field report,187,Operator error - wrong die inserted,No,Process parameter locked; re-training done,385929,Closed,Y,Y,Field visit completed
C0292,OEM-RENAULT,2021-10-26,"D-3957,D-1090,D-1201,D-2259",Clutch Plate,Friction material detached after 3000 km field use,207,Operator error - wrong die inserted,Pending,Scrap & re-order from alternate supplier,495637,Escalated,N,N,Repeat issue - CAPA overdue
C0293,OEM-MARUTI,2022-07-10,"D-1448,D-3530,D-4233,D-2312",Brake Pad Type A,Dimensional out-of-spec - ID oversize by 0.12 mm,296,Incoming lot moisture > 0.5%,Pending,Process parameter locked; re-training done,145657,Closed,,N,Escalated to GM QA
C0294,OEM-MAHINDRA,2024-11-20,"D-3540,D-1565,D-1822,D-4245",Clutch Plate,Crack on brake drum casting - 6 bar air test fail,386,Batch mix ratio deviation,Pending,Corrective action plan submitted,148992,Closed,Y,N,Customer requested urgent resolution
C0295,OEM-HYUNDAI,2023-05-14,"D-3534,D-2158,D-3147,D-2236",Drum Brake Assy,Friction material detached after 3000 km field use,155,Operator error - wrong die inserted,Pending,Full recall + replacement dispatched,157302,Open,Y,Y,Repeat issue - CAPA overdue
C0296,OEM-TVS,2024-08-13,"D-3730,D-1869",Wheel Hub Assy,Dimensional out-of-spec - ID oversize by 0.12 mm,197,Operator error - wrong die inserted,,Rework and re-inspect,86473,Closed,Y,Y,Customer requested urgent resolution
C0297,OEM-FORD,2024-04-23,"D-3873,D-1461,D-1951,D-6542",ABS Sensor Ring,Noise complaint - squeal at low speed braking,311,,Pending,Preventive maintenance completed,204428,In Progress,Y,N,OEM issued debit note
C0298,OEM-BAJAJ,2022-09-22,D-4661,Disc Brake Caliper,Clutch slip - insufficient torque capacity,91,Incorrect cure temp - night shift,No,Full recall + replacement dispatched,140120,Closed,Y,,OEM issued debit note
C0299,OEM-HYUNDAI,2021-06-01,"D-2596,D-3646",Brake Shoe,ABS sensor ring missing teeth - 12 units,186,Batch mix ratio deviation,No,,296187,Closed,Y,Y,OEM issued debit note
C0300,OEM-MAHINDRA,2022-01-09,"D-2193,D-1705,D-3110",Brake Pad Type B,ABS sensor ring missing teeth - 12 units,126,Incoming lot moisture > 0.5%,Pending,Preventive maintenance completed,244378,In Progress,N,Y,Field visit completed
C0301,OEM-MARUTI,2021-01-18,"D-2582,D-4375,D-1753,D-4498",Wheel Hub Assy,ABS sensor ring missing teeth - 12 units,118,Resin expiry date exceeded,,Full recall + replacement dispatched,175948,Closed,Y,N,Field visit completed
C0302,OEM-HYUNDAI,2021-06-03,D-4007,Clutch Plate,Corrosion observed on disc surface - field report,1,Machine tool wear - spindle runout,,Rework and re-inspect,349024,Closed,,N,Field visit completed
C0303,OEM-SUZUKI,2023-10-15,"D-1763,D-2504",Disc Brake Caliper,Corrosion observed on disc surface - field report,364,Batch mix ratio deviation,No,Rework and re-inspect,240986,Escalated,N,Y,OEM issued debit note
C0304,OEM-HONDA,2023-10-15,"D-1480,D-3757,D-3484",CV Joint,Surface delamination - units rejected at incoming QC,144,Under investigation,Yes,,468627,Closed,Y,N,OEM issued debit note
C0305,OEM-TATA,2024-11-06,"D-1263,D-1742,D-2654,D-2673",Brake Disc,Crack on brake drum casting - 6 bar air test fail,368,Under investigation,Pending,Corrective action plan submitted,430679,Escalated,,N,Repeat issue - CAPA overdue
C0306,OEM-MAHINDRA,2022-04-05,"D-1117,D-3879,D-2863,D-1986",Brake Pad Type B,Corrosion observed on disc surface - field report,349,Incorrect cure temp - night shift,Yes,Process parameter locked; re-training done,485541,Closed,Y,Y,Closed with customer sign-off
C0307,OEM-TVS,2024-03-02,D-2385,CV Joint,Clutch slip - insufficient torque capacity,424,Calibration lapse - gauge not zeroed,Pending,Rework and re-inspect,324335,Escalated,N,Y,Closed with customer sign-off
C0308,OEM-TVS,2023-09-01,"D-5443,D-4101,D-5321",CV Joint,Noise complaint - squeal at low speed braking,449,,Pending,Rework and re-inspect,5959,Closed,N,Y,OEM issued debit note
C0309,OEM-TATA,2023-08-09,"D-2925,D-3785,D-3141,D-4348",CV Joint,Surface delamination - units rejected at incoming QC,255,Supplier batch below spec,No,Full recall + replacement dispatched,353453,Open,N,N,OEM issued debit note
C0310,OEM-FORD,2022-10-25,"D-2285,D-1950,D-2516,D-1303",Disc Brake Caliper,Corrosion observed on disc surface - field report,193,Calibration lapse - gauge not zeroed,No,,141372,Closed,Y,N,Customer requested urgent resolution
C0311,OEM-SUZUKI,2022-11-29,"D-1019,D-1949,D-1103",Disc Brake Caliper,Clutch slip - insufficient torque capacity,429,Under investigation,Yes,Corrective action plan submitted,418815,Escalated,Y,,Escalated to GM QA
C0312,OEM-RENAULT,2023-10-05,"D-2428,D-1209,D-3734,D-2459",CV Joint,Oil contamination on lining surface,161,Coolant contamination in grinding,Pending,100% inspection implemented,145045,Closed,Y,N,Closed with customer sign-off
C0313,OEM-SUZUKI,2024-07-14,"D-2316,D-3464,D-4460,D-4095",Brake Pad Type B,Crack on brake drum casting - 6 bar air test fail,96,Machine tool wear - spindle runout,Yes,Scrap & re-order from alternate supplier,191294,Closed,Y,Y,Field visit completed
C0314,OEM-RENAULT,2022-09-21,"D-4270,D-1791",Clutch Plate,Noise complaint - squeal at low speed braking,224,Operator error - wrong die inserted,No,Process parameter locked; re-training done,430343,Closed,,N,Escalated to GM QA
C0315,OEM-BAJAJ,2024-11-25,D-4479,Brake Pad Type B,Noise complaint - squeal at low speed braking,427,Incoming lot moisture > 0.5%,Pending,Corrective action plan submitted,245124,Closed,Y,N,Field visit completed
C0316,OEM-HYUNDAI,2022-07-01,"D-5441,D-1582",ABS Sensor Ring,Noise complaint - squeal at low speed braking,129,Chiller fault - mould temp swing,Yes,100% inspection implemented,171574,Closed,Y,N,Field visit completed
C0317,OEM-TATA,2022-05-13,"D-1555,D-1566,D-2304,D-3476",Clutch Plate,Noise complaint - squeal at low speed braking,26,Resin expiry date exceeded,Yes,Process parameter locked; re-training done,292556,In Progress,N,N,Customer requested urgent resolution
C0318,OEM-FORD,2023-07-22,"D-4143,D-2932",Disc Brake Caliper,ABS sensor ring missing teeth - 12 units,492,Coolant contamination in grinding,Yes,100% inspection implemented,89611,Closed,N,Y,Closed with customer sign-off
C0319,OEM-FORD,2022-04-05,"D-1102,D-2647",Brake Pad Type A,Friction material detached after 3000 km field use,373,,Yes,Rework and re-inspect,462161,Escalated,N,N,Closed with customer sign-off
C0320,OEM-HYUNDAI,2021-05-10,D-3417,Brake Shoe,Friction material detached after 3000 km field use,315,Batch mix ratio deviation,Pending,Scrap & re-order from alternate supplier,172025,Closed,N,,Field visit completed
C0321,OEM-TATA,2023-07-27,"D-3783,D-2569,D-5129",Brake Disc,Oil contamination on lining surface,474,Coolant contamination in grinding,Pending,Scrap & re-order from alternate supplier,348569,Closed,N,Y,Field visit completed
C0322,OEM-BAJAJ,2021-01-14,D-6319,Disc Brake Caliper,Dimensional out-of-spec - ID oversize by 0.12 mm,156,Batch mix ratio deviation,,Scrap & re-order from alternate supplier,323973,Closed,Y,Y,Repeat issue - CAPA overdue
C0323,OEM-RENAULT,2021-06-08,"D-4329,D-5321",ABS Sensor Ring,Dimensional out-of-spec - ID oversize by 0.12 mm,306,Under investigation,Yes,Full recall + replacement dispatched,451891,Closed,Y,N,Field visit completed
C0324,OEM-HYUNDAI,2023-11-28,"D-4232,D-3867",CV Joint,Friction material detached after 3000 km field use,243,Under investigation,Yes,Scrap & re-order from alternate supplier,430642,Open,Y,,
C0325,OEM-MAHINDRA,2023-11-20,"D-1303,D-1298,D-3140,D-1188",Wheel Hub Assy,ABS sensor ring missing teeth - 12 units,298,Incoming lot moisture > 0.5%,No,Process parameter locked; re-training done,244923,Closed,Y,N,Escalated to GM QA
C0326,OEM-HYUNDAI,2023-02-01,"D-3366,D-1333",Drum Brake Assy,Oil contamination on lining surface,125,Calibration lapse - gauge not zeroed,No,100% inspection implemented,454327,Escalated,N,,OEM issued debit note
C0327,OEM-MAHINDRA,2024-02-10,"D-3074,D-4263,D-3241",Brake Disc,Noise complaint - squeal at low speed braking,486,Resin expiry date exceeded,Yes,Scrap & re-order from alternate supplier,400795,Closed,N,N,Closed with customer sign-off
C0328,OEM-TATA,2023-01-30,"D-4308,D-1296,D-2033,D-3553",CV Joint,Surface delamination - units rejected at incoming QC,104,Operator error - wrong die inserted,Pending,Process parameter locked; re-training done,73169,Closed,Y,N,Customer requested urgent resolution
C0329,OEM-FORD,2023-08-28,D-5113,Brake Pad Type A,Crack on brake drum casting - 6 bar air test fail,113,Incoming lot moisture > 0.5%,,Rework and re-inspect,386048,Open,N,Y,OEM issued debit note
C0330,OEM-MAHINDRA,2023-02-18,"D-1950,D-4213,D-1088,D-3057",Wheel Hub Assy,Clutch slip - insufficient torque capacity,75,Under investigation,Yes,Scrap & re-order from alternate supplier,5235,Closed,Y,Y,OEM issued debit note
C0331,OEM-MARUTI,2024-12-23,"D-4102,D-5953,D-1093",Disc Brake Caliper,Dimensional out-of-spec - ID oversize by 0.12 mm,414,Coolant contamination in grinding,No,Scrap & re-order from alternate supplier,309362,Open,N,Y,Repeat issue - CAPA overdue
C0332,OEM-RENAULT,2021-08-22,"D-4337,D-2276",Brake Pad Type B,ABS sensor ring missing teeth - 12 units,77,Incoming lot moisture > 0.5%,Pending,100% inspection implemented,300977,Closed,,Y,Field visit completed
C0333,OEM-MARUTI,2022-08-05,"D-2730,D-1498",CV Joint,Vibration at highway speeds - rotor runout > 0.05 mm,220,Machine tool wear - spindle runout,Pending,Process parameter locked; re-training done,137985,Closed,Y,Y,Escalated to GM QA
C0334,OEM-MARUTI,2021-12-01,"D-3303,D-2893,D-3446,D-1748",Wheel Hub Assy,Oil contamination on lining surface,256,,Yes,100% inspection implemented,277034,Closed,N,N,Closed with customer sign-off
C0335,OEM-HYUNDAI,2024-03-21,"D-3715,D-6302",Brake Disc,Dimensional out-of-spec - ID oversize by 0.12 mm,378,Batch mix ratio deviation,,Scrap & re-order from alternate supplier,265512,Closed,N,Y,Field visit completed
C0336,OEM-RENAULT,2024-10-24,D-1978,Brake Pad Type A,Crack on brake drum casting - 6 bar air test fail,139,Supplier batch below spec,Yes,,118978,In Progress,Y,Y,Escalated to GM QA
C0337,OEM-TATA,2021-10-26,"D-4247,D-1739",Wheel Hub Assy,Crack on brake drum casting - 6 bar air test fail,113,Coolant contamination in grinding,Pending,Rework and re-inspect,220100,Closed,Y,Y,Field visit completed
C0338,OEM-FORD,2022-07-04,"D-1254,D-4396,D-3440",ABS Sensor Ring,Vibration at highway speeds - rotor runout > 0.05 mm,436,Incorrect cure temp - night shift,Yes,Preventive maintenance completed,71316,In Progress,N,N,Customer requested urgent resolution
C0339,OEM-HONDA,2021-06-24,"D-2323,D-6343",Wheel Hub Assy,Noise complaint - squeal at low speed braking,333,Incoming lot moisture > 0.5%,No,Preventive maintenance completed,266110,Escalated,N,Y,Field visit completed
C0340,OEM-FORD,2023-02-23,D-1236,Brake Shoe,Dimensional out-of-spec - ID oversize by 0.12 mm,313,Resin expiry date exceeded,No,100% inspection implemented,274336,Open,Y,Y,Escalated to GM QA
C0341,OEM-HONDA,2022-07-24,D-2503,Wheel Hub Assy,Friction material detached after 3000 km field use,342,Incoming lot moisture > 0.5%,No,Process parameter locked; re-training done,320340,Open,N,Y,Field visit completed
C0342,OEM-SUZUKI,2023-04-15,"D-3312,D-3797,D-3230,D-1487",Brake Pad Type A,Surface delamination - units rejected at incoming QC,90,Incorrect cure temp - night shift,Yes,Root cause under investigation,181935,Closed,N,Y,OEM issued debit note
C0343,OEM-HONDA,2021-06-03,D-1901,Brake Disc,Vibration at highway speeds - rotor runout > 0.05 mm,420,Machine tool wear - spindle runout,,Rework and re-inspect,16799,Closed,Y,N,Escalated to GM QA
C0344,OEM-BAJAJ,2024-08-23,"D-3703,D-3710,D-5461",Brake Shoe,Noise complaint - squeal at low speed braking,318,Batch mix ratio deviation,Pending,Process parameter locked; re-training done,423346,Open,Y,Y,Escalated to GM QA
C0345,OEM-FORD,2024-06-04,"D-3459,D-2896,D-3629,D-2010",Clutch Plate,Friction material detached after 3000 km field use,61,Calibration lapse - gauge not zeroed,No,100% inspection implemented,222882,In Progress,Y,Y,Customer requested urgent resolution
C0346,OEM-TATA,2022-08-20,D-3714,Disc Brake Caliper,ABS sensor ring missing teeth - 12 units,317,Operator error - wrong die inserted,No,Corrective action plan submitted,10323,In Progress,N,,Closed with customer sign-off
C0347,OEM-BAJAJ,2022-09-20,"D-2956,D-3453,D-3866,D-2466",Drum Brake Assy,Crack on brake drum casting - 6 bar air test fail,266,Batch mix ratio deviation,Yes,100% inspection implemented,65568,Closed,Y,Y,Customer requested urgent resolution
C0348,OEM-HONDA,2024-12-29,"D-7861,D-3966,D-2722",ABS Sensor Ring,Crack on brake drum casting - 6 bar air test fail,72,Coolant contamination in grinding,,100% inspection implemented,379486,Closed,Y,Y,
C0349,OEM-TATA,2024-11-12,"D-4345,D-3310",Brake Disc,Corrosion observed on disc surface - field report,38,Supplier batch below spec,Pending,Scrap & re-order from alternate supplier,436218,In Progress,N,N,Field visit completed
C0350,OEM-HYUNDAI,2023-04-11,"D-3323,D-2111",Brake Shoe,Corrosion observed on disc surface - field report,245,Batch mix ratio deviation,No,Process parameter locked; re-training done,331087,Closed,N,Y,Closed with customer sign-off
C0351,OEM-MARUTI,2021-11-29,"D-2363,D-3921",ABS Sensor Ring,Surface delamination - units rejected at incoming QC,467,Incorrect cure temp - night shift,,,286917,Closed,Y,Y,Escalated to GM QA
C0352,OEM-RENAULT,2021-03-07,D-3657,Brake Shoe,Oil contamination on lining surface,17,Chiller fault - mould temp swing,Pending,Preventive maintenance completed,56546,Closed,N,N,
C0353,OEM-HONDA,2023-04-25,"D-4041,D-3880,D-3931",Brake Pad Type B,Friction material detached after 3000 km field use,32,Chiller fault - mould temp swing,Yes,Root cause under investigation,252727,Closed,N,N,
C0354,OEM-HYUNDAI,2022-03-25,D-3383,Brake Disc,Clutch slip - insufficient torque capacity,492,Coolant contamination in grinding,No,Process parameter locked; re-training done,5865,Escalated,N,Y,Field visit completed
C0355,OEM-HYUNDAI,2023-03-11,"D-3071,D-3109,D-1680,D-1345",Clutch Plate,Surface delamination - units rejected at incoming QC,403,Coolant contamination in grinding,Yes,Process parameter locked; re-training done,91947,In Progress,Y,Y,Closed with customer sign-off
C0356,OEM-HYUNDAI,2022-09-28,"D-3721,D-4296,D-2260",ABS Sensor Ring,Corrosion observed on disc surface - field report,197,Incoming lot moisture > 0.5%,No,Rework and re-inspect,399142,Closed,Y,Y,Escalated to GM QA
C0357,OEM-BAJAJ,2024-05-23,"D-5522,D-3933",Brake Shoe,Noise complaint - squeal at low speed braking,192,Incorrect cure temp - night shift,Pending,Full recall + replacement dispatched,348952,Escalated,Y,N,Repeat issue - CAPA overdue
C0358,OEM-FORD,2021-02-04,"D-1348,D-1484,D-3527,D-3015",CV Joint,Friction material detached after 3000 km field use,442,Operator error - wrong die inserted,Pending,Corrective action plan submitted,335668,Closed,N,Y,Escalated to GM QA
C0359,OEM-MARUTI,2021-07-04,D-3229,Disc Brake Caliper,Clutch slip - insufficient torque capacity,464,Coolant contamination in grinding,No,Root cause under investigation,191009,Closed,N,N,Customer requested urgent resolution
C0360,OEM-HONDA,2023-10-09,"D-3155,D-3947,D-4291",Brake Disc,Vibration at highway speeds - rotor runout > 0.05 mm,329,Under investigation,No,Full recall + replacement dispatched,127720,Closed,N,N,Repeat issue - CAPA overdue
C0361,OEM-MARUTI,2021-08-08,D-1335,Disc Brake Caliper,Clutch slip - insufficient torque capacity,352,Machine tool wear - spindle runout,No,Corrective action plan submitted,489285,In Progress,N,N,Repeat issue - CAPA overdue
C0362,OEM-FORD,2024-05-04,"D-2883,D-2439,D-4374,D-3593",Brake Disc,Corrosion observed on disc surface - field report,308,Coolant contamination in grinding,No,Corrective action plan submitted,465832,Closed,Y,N,Closed with customer sign-off
C0363,OEM-SUZUKI,2024-01-26,"D-1662,D-3536,D-3233,D-3861",Brake Shoe,Corrosion observed on disc surface - field report,391,Operator error - wrong die inserted,Yes,Scrap & re-order from alternate supplier,129722,In Progress,Y,Y,Customer requested urgent resolution
C0364,OEM-FORD,2021-12-04,"D-6304,D-3043,D-2284",Brake Shoe,Friction material detached after 3000 km field use,102,Chiller fault - mould temp swing,Yes,Preventive maintenance completed,336193,In Progress,Y,Y,
C0365,OEM-HONDA,2022-06-15,"D-3179,D-2885,D-3536",CV Joint,ABS sensor ring missing teeth - 12 units,429,Operator error - wrong die inserted,No,Root cause under investigation,145445,Closed,,N,Closed with customer sign-off
C0366,OEM-BAJAJ,2023-09-12,"D-3266,D-1762,D-3473,D-3310",Disc Brake Caliper,Crack on brake drum casting - 6 bar air test fail,53,Supplier batch below spec,No,Preventive maintenance completed,215931,In Progress,N,Y,Customer requested urgent resolution
C0367,OEM-HONDA,2023-10-08,"D-3599,D-2882,D-3527",Brake Disc,Clutch slip - insufficient torque capacity,246,Under investigation,,Preventive maintenance completed,70557,Escalated,Y,N,Closed with customer sign-off
C0368,OEM-FORD,2024-03-07,"D-2484,D-3767,D-5276,D-2535",Brake Shoe,ABS sensor ring missing teeth - 12 units,265,Resin expiry date exceeded,Yes,Rework and re-inspect,309770,Closed,Y,N,OEM issued debit note
C0369,OEM-TATA,2021-11-09,"D-3325,D-1116",ABS Sensor Ring,Oil contamination on lining surface,104,Incorrect cure temp - night shift,Pending,Preventive maintenance completed,170673,In Progress,Y,N,Field visit completed
C0370,OEM-HYUNDAI,2021-04-14,D-2156,Brake Disc,Surface delamination - units rejected at incoming QC,247,Batch mix ratio deviation,Pending,,107119,In Progress,N,N,Escalated to GM QA
C0371,OEM-HYUNDAI,2023-03-04,"D-4254,D-3485,D-1758,D-3064",Brake Disc,Friction material detached after 3000 km field use,467,Machine tool wear - spindle runout,No,Scrap & re-order from alternate supplier,115820,Open,Y,Y,Closed with customer sign-off
C0372,OEM-SUZUKI,2023-08-08,"D-2658,D-4395,D-3759",Brake Disc,Noise complaint - squeal at low speed braking,340,Supplier batch below spec,No,Preventive maintenance completed,126156,In Progress,N,N,Customer requested urgent resolution
C0373,OEM-MARUTI,2024-02-01,"D-3872,D-6041,D-3768,D-2929",Clutch Plate,Oil contamination on lining surface,132,Operator error - wrong die inserted,Yes,Process parameter locked; re-training done,287410,Escalated,N,N,Customer requested urgent resolution
C0374,OEM-FORD,2022-10-12,"D-4366,D-3091",Disc Brake Caliper,Dimensional out-of-spec - ID oversize by 0.12 mm,84,Under investigation,No,Corrective action plan submitted,141001,Closed,N,N,Customer requested urgent resolution
C0375,OEM-TVS,2023-07-26,"D-2220,D-2128",Brake Shoe,Surface delamination - units rejected at incoming QC,226,Machine tool wear - spindle runout,Yes,Scrap & re-order from alternate supplier,430253,Closed,Y,N,Closed with customer sign-off
C0376,OEM-MAHINDRA,2021-05-08,"D-4264,D-3838",Brake Shoe,Noise complaint - squeal at low speed braking,243,Batch mix ratio deviation,No,Process parameter locked; re-training done,110739,Closed,N,N,
C0377,OEM-SUZUKI,2023-06-05,D-1493,Clutch Plate,Friction material detached after 3000 km field use,498,Incoming lot moisture > 0.5%,Yes,100% inspection implemented,157782,Closed,N,Y,Repeat issue - CAPA overdue
C0378,OEM-SUZUKI,2021-01-30,"D-2827,D-1925,D-1996,D-4216",ABS Sensor Ring,Clutch slip - insufficient torque capacity,135,Incorrect cure temp - night shift,Yes,Preventive maintenance completed,250069,Closed,Y,Y,Repeat issue - CAPA overdue
C0379,OEM-HYUNDAI,2021-01-24,D-1752,Brake Shoe,Noise complaint - squeal at low speed braking,124,Incorrect cure temp - night shift,Pending,100% inspection implemented,226776,Escalated,N,N,Closed with customer sign-off
C0380,OEM-HYUNDAI,2022-03-11,"D-3084,D-3872,D-3622",Drum Brake Assy,ABS sensor ring missing teeth - 12 units,106,Operator error - wrong die inserted,No,Scrap & re-order from alternate supplier,369120,Closed,Y,Y,Customer requested urgent resolution
C0381,OEM-MARUTI,2023-08-10,"D-1275,D-5470",Disc Brake Caliper,ABS sensor ring missing teeth - 12 units,262,Batch mix ratio deviation,Yes,Process parameter locked; re-training done,420548,Escalated,Y,Y,Field visit completed
C0382,OEM-TVS,2022-06-27,"D-1710,D-3074,D-3074,D-4482",Brake Shoe,Corrosion observed on disc surface - field report,495,Under investigation,No,Process parameter locked; re-training done,18900,Closed,N,Y,Repeat issue - CAPA overdue
C0383,OEM-HYUNDAI,2021-09-02,"D-2690,D-3565,D-2186,D-2207",CV Joint,Friction material detached after 3000 km field use,39,Incoming lot moisture > 0.5%,Pending,Preventive maintenance completed,280298,Closed,Y,N,Closed with customer sign-off
C0384,OEM-SUZUKI,2023-03-27,"D-3608,D-3981,D-4293,D-3883",Wheel Hub Assy,Clutch slip - insufficient torque capacity,193,Incoming lot moisture > 0.5%,Yes,Preventive maintenance completed,185135,Open,N,N,Escalated to GM QA
C0385,OEM-MARUTI,2023-01-08,"D-3018,D-4130,D-4113,D-4460",Drum Brake Assy,ABS sensor ring missing teeth - 12 units,58,Resin expiry date exceeded,Yes,Preventive maintenance completed,462903,In Progress,N,N,Field visit completed
C0386,OEM-FORD,2024-12-23,D-1437,Brake Shoe,Vibration at highway speeds - rotor runout > 0.05 mm,49,Operator error - wrong die inserted,No,100% inspection implemented,472031,Closed,,N,Field visit completed
C0387,OEM-HONDA,2021-10-13,"D-1616,D-1729,D-1280",Clutch Plate,Noise complaint - squeal at low speed braking,266,Incoming lot moisture > 0.5%,Yes,Process parameter locked; re-training done,450899,Closed,Y,Y,Closed with customer sign-off
C0388,OEM-TVS,2024-11-28,"D-4381,D-4216",Drum Brake Assy,Corrosion observed on disc surface - field report,71,Resin expiry date exceeded,Pending,Full recall + replacement dispatched,465507,Closed,Y,N,Customer requested urgent resolution
C0389,OEM-TATA,2024-07-18,"D-3822,D-2888,D-3454",Wheel Hub Assy,Corrosion observed on disc surface - field report,276,Operator error - wrong die inserted,,Preventive maintenance completed,269994,Closed,Y,,Closed with customer sign-off
C0390,OEM-TVS,2024-07-18,"D-2161,D-2459,D-3203,D-3432",Drum Brake Assy,Surface delamination - units rejected at incoming QC,365,Machine tool wear - spindle runout,Yes,100% inspection implemented,68178,Escalated,N,N,Escalated to GM QA
C0391,OEM-MAHINDRA,2022-09-03,D-3926,Wheel Hub Assy,Vibration at highway speeds - rotor runout > 0.05 mm,479,Calibration lapse - gauge not zeroed,Yes,Corrective action plan submitted,26813,Closed,Y,N,Field visit completed
C0392,OEM-MAHINDRA,2021-05-16,"D-3491,D-5671,D-3488,D-2411",Disc Brake Caliper,Oil contamination on lining surface,268,Incoming lot moisture > 0.5%,Yes,100% inspection implemented,453769,Closed,N,Y,Field visit completed
C0393,OEM-FORD,2021-07-11,D-4166,Brake Pad Type A,ABS sensor ring missing teeth - 12 units,40,,No,Preventive maintenance completed,258055,Closed,,Y,
C0394,OEM-TVS,2021-05-24,"D-2504,D-1762,D-4323",Brake Pad Type A,ABS sensor ring missing teeth - 12 units,402,Operator error - wrong die inserted,Yes,Rework and re-inspect,294740,Escalated,N,,
C0395,OEM-HYUNDAI,2022-10-14,"D-1487,D-1504,D-2995",Drum Brake Assy,Friction material detached after 3000 km field use,126,Incorrect cure temp - night shift,Yes,Root cause under investigation,409428,In Progress,Y,N,Field visit completed
C0396,OEM-SUZUKI,2024-12-06,"D-3430,D-3047,D-2159,D-3501",Wheel Hub Assy,Oil contamination on lining surface,10,Machine tool wear - spindle runout,Yes,Full recall + replacement dispatched,85035,Closed,N,N,Field visit completed
C0397,OEM-BAJAJ,2024-04-17,"D-3256,D-2366,D-3747,D-4111",Wheel Hub Assy,Surface delamination - units rejected at incoming QC,246,Under investigation,Pending,,6962,Escalated,Y,N,Closed with customer sign-off
C0398,OEM-HONDA,2023-11-30,"D-2612,D-2257,D-3392,D-1340",Drum Brake Assy,Oil contamination on lining surface,91,Machine tool wear - spindle runout,Pending,Preventive maintenance completed,327771,Open,Y,N,Escalated to GM QA
C0399,OEM-MAHINDRA,2022-02-23,"D-5018,D-3219,D-2181",Brake Pad Type B,Surface delamination - units rejected at incoming QC,165,Coolant contamination in grinding,No,Rework and re-inspect,239275,In Progress,Y,,Escalated to GM QA
C0400,OEM-HYUNDAI,2024-12-20,"D-6483,D-2836,D-2633",Brake Pad Type B,Oil contamination on lining surface,212,Resin expiry date exceeded,Pending,Full recall + replacement dispatched,316726,In Progress,Y,N,Repeat issue - CAPA overdue
